ProviderNamespace,ResourceType,ModuleDisplayName,AlternativeNames,ModuleName,ParentModule,ModuleStatus,RepoURL,PublicRegistryReference,TelemetryIdPrefix,PrimaryModuleOwnerGHHandle,PrimaryModuleOwnerDisplayName,SecondaryModuleOwnerGHHandle,SecondaryModuleOwnerDisplayName,ModuleOwnersGHTeam,Description,Comments,FirstPublishedIn
Microsoft.AAD,domainServices,Azure Active Directory Domain Service,"AAD, Entra ID, Microsoft Entra Domain Services, AAD DS, Azure AD DS",avm/res/aad/domain-service,n/a,Available,https://github.com/Azure/bicep-registry-modules/tree/main/avm/res/aad/domain-service,br/public:avm/res/aad/domain-service:X.Y.Z,46d3xbcp.res.aad-domainservice,ReneHezser,René Hézser,CRYP70N1X,Paul,,AVM Resource Module for Azure Active Directory Domain Service,,2024-04
Microsoft.AlertsManagement,actionRules,Action Rules,,avm/res/alerts-management/action-rule,n/a,Available,https://github.com/Azure/bicep-registry-modules/tree/main/avm/res/alerts-management/action-rule,br/public:avm/res/alerts-management/action-rule:X.Y.Z,46d3xbcp.res.alertsmanagement-actionrule,judyer28,,,,,AVM Resource Module for Action Rules,,2024-06
Microsoft.AnalysisServices,servers,Analysis Services Server,,avm/res/analysis-services/server,n/a,Available,https://github.com/Azure/bicep-registry-modules/tree/main/avm/res/analysis-services/server,br/public:avm/res/analysis-services/server:X.Y.Z,46d3xbcp.res.analysisservices-server,segraef,Sebastian Gräf,,,,AVM Resource Module for Analysis Services Server,,2024-01
Microsoft.ApiCenter,services,API Center Service,,avm/res/api-center/service,n/a,Available,https://github.com/Azure/bicep-registry-modules/tree/main/avm/res/api-center/service,br/public:avm/res/api-center/service:X.Y.Z,46d3xbcp.res.apicenter-service,maciejporebski,Maciej Porebski,,,,AVM Resource Module for API Center Service,,2026-07
Microsoft.ApiCenter,services/metadataSchemas,API Center Service Metadata Schemas,,avm/res/api-center/service/metadata-schema,avm/res/api-center/service,Proposed,https://github.com/Azure/bicep-registry-modules/tree/main/avm/res/api-center/service/metadata-schema,br/public:avm/res/api-center/service/metadata-schema:X.Y.Z,,maciejporebski,Maciej Porebski,,,,This module deploys an API Center Service Metadata Schema.,,
Microsoft.ApiCenter,services/workspaces,API Center Service Workspaces,,avm/res/api-center/service/workspace,avm/res/api-center/service,Proposed,https://github.com/Azure/bicep-registry-modules/tree/main/avm/res/api-center/service/workspace,br/public:avm/res/api-center/service/workspace:X.Y.Z,,maciejporebski,Maciej Porebski,,,,This module deploys an API Center Service Workspace.,,
Microsoft.ApiCenter,services/workspaces/apis,API Center Service Workspace APIs,,avm/res/api-center/service/workspace/api,avm/res/api-center/service,Proposed,https://github.com/Azure/bicep-registry-modules/tree/main/avm/res/api-center/service/workspace/api,br/public:avm/res/api-center/service/workspace/api:X.Y.Z,,maciejporebski,Maciej Porebski,,,,This module deploys an API Center Service Workspace API.,,
Microsoft.ApiCenter,services/workspaces/apiSources,API Center Service Workspace API Sources,,avm/res/api-center/service/workspace/api-source,avm/res/api-center/service,Proposed,https://github.com/Azure/bicep-registry-modules/tree/main/avm/res/api-center/service/workspace/api-source,br/public:avm/res/api-center/service/workspace/api-source:X.Y.Z,,maciejporebski,Maciej Porebski,,,,This module deploys an API Center Service Workspace API Source for importing APIs from external sources like Azure API Management.,,
Microsoft.ApiCenter,services/workspaces/apis/deployments,API Center Service Workspace API Deployments,,avm/res/api-center/service/workspace/api/deployment,avm/res/api-center/service,Proposed,https://github.com/Azure/bicep-registry-modules/tree/main/avm/res/api-center/service/workspace/api/deployment,br/public:avm/res/api-center/service/workspace/api/deployment:X.Y.Z,,maciejporebski,Maciej Porebski,,,,This module deploys an API Center Service Workspace API Deployment.,,
Microsoft.ApiCenter,services/workspaces/apis/versions,API Center Service Workspace API Versions,,avm/res/api-center/service/workspace/api/version,avm/res/api-center/service,Proposed,https://github.com/Azure/bicep-registry-modules/tree/main/avm/res/api-center/service/workspace/api/version,br/public:avm/res/api-center/service/workspace/api/version:X.Y.Z,,maciejporebski,Maciej Porebski,,,,This module deploys an API Center Service Workspace API Version.,,
Microsoft.ApiCenter,services/workspaces/apis/versions/definitions,API Center Service Workspace API Version Definitions,,avm/res/api-center/service/workspace/api/version/definition,avm/res/api-center/service,Proposed,https://github.com/Azure/bicep-registry-modules/tree/main/avm/res/api-center/service/workspace/api/version/definition,br/public:avm/res/api-center/service/workspace/api/version/definition:X.Y.Z,,maciejporebski,Maciej Porebski,,,,This module deploys an API Center Service Workspace API Version Definition.,,
Microsoft.ApiCenter,services/workspaces/environments,API Center Service Workspace Environments,,avm/res/api-center/service/workspace/environment,avm/res/api-center/service,Proposed,https://github.com/Azure/bicep-registry-modules/tree/main/avm/res/api-center/service/workspace/environment,br/public:avm/res/api-center/service/workspace/environment:X.Y.Z,,maciejporebski,Maciej Porebski,,,,This module deploys an API Center Service Workspace Environment.,,
Microsoft.ApiManagement,service,API Management Service,,avm/res/api-management/service,n/a,Available,https://github.com/Azure/bicep-registry-modules/tree/main/avm/res/api-management/service,br/public:avm/res/api-management/service:X.Y.Z,46d3xbcp.res.apimanagement-service,abhishekaryams,Abhishek Arya,tony-box,Tony Box,,AVM Resource Module for API Management Service,,2023-12
Microsoft.ApiManagement,service/apis,API Management Service - API,,avm/res/api-management/service/api,avm/res/api-management/service,Available,https://github.com/Azure/bicep-registry-modules/tree/main/avm/res/api-management/service/api,br/public:avm/res/api-management/service/api:X.Y.Z,46d3xbcp.res.apimgmt-api,abhishekaryams,Abhishek Arya,tony-box,Tony Box,,AVM Child Module for API Management Service - API,,2025-09
Microsoft.ApiManagement,service/apiVersionSets,API Management Service - API Version Set,,avm/res/api-management/service/api-version-set,avm/res/api-management/service,Available,https://github.com/Azure/bicep-registry-modules/tree/main/avm/res/api-management/service/api-version-set,br/public:avm/res/api-management/service/api-version-set:X.Y.Z,46d3xbcp.res.apimgmt-apiversionset,abhishekaryams,Abhishek Arya,tony-box,Tony Box,,AVM Child Module for API Management Service - API Version Set,,2025-09
Microsoft.ApiManagement,service/apis/diagnostics,API Management Service - API Diagnostics,,avm/res/api-management/service/api/diagnostics,avm/res/api-management/service,Available,https://github.com/Azure/bicep-registry-modules/tree/main/avm/res/api-management/service/api/diagnostics,br/public:avm/res/api-management/service/api/diagnostics:X.Y.Z,46d3xbcp.res.apimgm-apidiagnostics,abhishekaryams,Abhishek Arya,tony-box,Tony Box,,AVM Child Module for API Management Service - API Diagnostics,,2025-09
Microsoft.ApiManagement,service/apis/operations,API Management Service - API - Operation,,avm/res/api-management/service/api/operation,avm/res/api-management/service,Available,https://github.com/Azure/bicep-registry-modules/tree/main/avm/res/api-management/service/api/operation,br/public:avm/res/api-management/service/api/operation:X.Y.Z,46d3xbcp.res.apimgmt-service-apioperation,abhishekaryams,Abhishek Arya,tony-box,Tony Box,,AVM Child Module for API Management Service - API - Operation,Bulk-added child module,2026-05
Microsoft.ApiManagement,service/apis/operations/policies,API Management Service - API - Operation - Policy,,avm/res/api-management/service/api/operation/policy,avm/res/api-management/service,Available,https://github.com/Azure/bicep-registry-modules/tree/main/avm/res/api-management/service/api/operation/policy,br/public:avm/res/api-management/service/api/operation/policy:X.Y.Z,46d3xbcp.res.apimgmt-service-apioperationpolicy,abhishekaryams,Abhishek Arya,tony-box,Tony Box,,AVM Child Module for API Management Service - API - Operation - Policy,Bulk-added child module,2026-05
Microsoft.ApiManagement,service/apis/policies,API Management Service - API Policy,,avm/res/api-management/service/api/policy,avm/res/api-management/service,Available,https://github.com/Azure/bicep-registry-modules/tree/main/avm/res/api-management/service/api/policy,br/public:avm/res/api-management/service/api/policy:X.Y.Z,46d3xbcp.res.apimgmt-apipolicy,abhishekaryams,Abhishek Arya,tony-box,Tony Box,,AVM Child Module for API Management Service - API Policy,,2025-09
Microsoft.ApiManagement,service/authorizationServers,API Management Service - Authorization Server,,avm/res/api-management/service/authorization-server,avm/res/api-management/service,Available,https://github.com/Azure/bicep-registry-modules/tree/main/avm/res/api-management/service/authorization-server,br/public:avm/res/api-management/service/authorization-server:X.Y.Z,46d3xbcp.res.apimgmt-authzserver,abhishekaryams,Abhishek Arya,tony-box,Tony Box,,AVM Child Module for API Management Service - Authorization Server,,2025-09
Microsoft.ApiManagement,service/backends,API Management Service - Backend,,avm/res/api-management/service/backend,avm/res/api-management/service,Available,https://github.com/Azure/bicep-registry-modules/tree/main/avm/res/api-management/service/backend,br/public:avm/res/api-management/service/backend:X.Y.Z,46d3xbcp.res.apimgmt-backend,abhishekaryams,Abhishek Arya,tony-box,Tony Box,,AVM Child Module for API Management Service - Backend,,2025-09
Microsoft.ApiManagement,service/caches,API Management Service - Cache,,avm/res/api-management/service/cache,avm/res/api-management/service,Available,https://github.com/Azure/bicep-registry-modules/tree/main/avm/res/api-management/service/cache,br/public:avm/res/api-management/service/cache:X.Y.Z,46d3xbcp.res.apimgmt-cache,abhishekaryams,Abhishek Arya,tony-box,Tony Box,,AVM Child Module for API Management Service - Cache,,2025-09
Microsoft.ApiManagement,service/diagnostics,API Management Service - Diagnostics,,avm/res/api-management/service/diagnostics,avm/res/api-management/service,Available,https://github.com/Azure/bicep-registry-modules/tree/main/avm/res/api-management/service/diagnostics,br/public:avm/res/api-management/service/diagnostics:X.Y.Z,46d3xbcp.res.apimgmt-service-diag,abhishekaryams,Abhishek Arya,tony-box,Tony Box,,AVM Child Module for API Management Service - Diagnostics,,2026-05
Microsoft.ApiManagement,service/identityProviders,API Management Service - Identity Provider,,avm/res/api-management/service/identity-provider,avm/res/api-management/service,Available,https://github.com/Azure/bicep-registry-modules/tree/main/avm/res/api-management/service/identity-provider,br/public:avm/res/api-management/service/identity-provider:X.Y.Z,46d3xbcp.res.apimgmt-identityprovider,abhishekaryams,Abhishek Arya,tony-box,Tony Box,,AVM Child Module for API Management Service - Identity Provider,,2025-09
Microsoft.ApiManagement,service/loggers,API Management Service - Logger,,avm/res/api-management/service/logger,avm/res/api-management/service,Available,https://github.com/Azure/bicep-registry-modules/tree/main/avm/res/api-management/service/logger,br/public:avm/res/api-management/service/logger:X.Y.Z,46d3xbcp.res.apimgmt-logger,abhishekaryams,Abhishek Arya,tony-box,Tony Box,,AVM Child Module for API Management Service - Logger,,2025-09
Microsoft.ApiManagement,service/namesValues,API Management Service - Named Value,,avm/res/api-management/service/named-value,avm/res/api-management/service,Available,https://github.com/Azure/bicep-registry-modules/tree/main/avm/res/api-management/service/named-value,br/public:avm/res/api-management/service/named-value:X.Y.Z,46d3xbcp.res.apimgmt-namedvalue,abhishekaryams,Abhishek Arya,tony-box,Tony Box,,AVM Child Module for API Management Service - Named Value,,2025-09
Microsoft.ApiManagement,service/policies,API Management Service - Policy,,avm/res/api-management/service/policy,avm/res/api-management/service,Available,https://github.com/Azure/bicep-registry-modules/tree/main/avm/res/api-management/service/policy,br/public:avm/res/api-management/service/policy:X.Y.Z,46d3xbcp.res.apimgmt-policy,abhishekaryams,Abhishek Arya,tony-box,Tony Box,,AVM Child Module for API Management Service - Policy,,2025-09
Microsoft.ApiManagement,service/portalsettings,API Management Service - Portal Setting,,avm/res/api-management/service/portalsetting,avm/res/api-management/service,Available,https://github.com/Azure/bicep-registry-modules/tree/main/avm/res/api-management/service/portalsetting,br/public:avm/res/api-management/service/portalsetting:X.Y.Z,46d3xbcp.res.apimgmt-portalsetting,abhishekaryams,Abhishek Arya,tony-box,Tony Box,,AVM Child Module for API Management Service - Portal Setting,,2025-09
Microsoft.ApiManagement,service/privateEndpointConnections,API Management Service - Private Endpoint Connections,,avm/res/api-management/service/private-endpoint-connection,avm/res/api-management/service,Proposed,https://github.com/Azure/bicep-registry-modules/tree/main/avm/res/api-management/service/private-endpoint-connection,br/public:avm/res/api-management/service/private-endpoint-connection:X.Y.Z,46d3xbcp.res.apimgmt-privendpointconn,abhishekaryams,Abhishek Arya,tony-box,Tony Box,,AVM Child Module for API Management Service - Private Endpoint Connections,,
Microsoft.ApiManagement,service/products,API Management Service - Product,,avm/res/api-management/service/product,avm/res/api-management/service,Available,https://github.com/Azure/bicep-registry-modules/tree/main/avm/res/api-management/service/product,br/public:avm/res/api-management/service/product:X.Y.Z,46d3xbcp.res.apimgmt-product,abhishekaryams,Abhishek Arya,tony-box,Tony Box,,AVM Child Module for API Management Service - Product,,2025-09
Microsoft.ApiManagement,service/products/apis,API Management Service - Product API,,avm/res/api-management/service/product/api,avm/res/api-management/service,Available,https://github.com/Azure/bicep-registry-modules/tree/main/avm/res/api-management/service/product/api,br/public:avm/res/api-management/service/product/api:X.Y.Z,46d3xbcp.res.apimgmt-productapi,abhishekaryams,Abhishek Arya,tony-box,Tony Box,,AVM Child Module for API Management Service - Product API,,2025-09
Microsoft.ApiManagement,service/products/groups,API Management Service - Product Group,,avm/res/api-management/service/product/group,avm/res/api-management/service,Available,https://github.com/Azure/bicep-registry-modules/tree/main/avm/res/api-management/service/product/group,br/public:avm/res/api-management/service/product/group:X.Y.Z,46d3xbcp.res.apimgmt-productgroup,abhishekaryams,Abhishek Arya,tony-box,Tony Box,,AVM Child Module for API Management Service - Product Group,,2025-09
Microsoft.ApiManagement,service/products/policies,API Management Service - Product - Policy,,avm/res/api-management/service/product/policy,avm/res/api-management/service,Available,https://github.com/Azure/bicep-registry-modules/tree/main/avm/res/api-management/service/product/policy,br/public:avm/res/api-management/service/product/policy:X.Y.Z,46d3xbcp.res.apimgmt-service-productpolicy,abhishekaryams,Abhishek Arya,tony-box,Tony Box,,AVM Child Module for API Management Service - Product - Policy,Bulk-added child module,2026-05
Microsoft.ApiManagement,service/subscriptions,API Management Service - Subscription,,avm/res/api-management/service/subscription,avm/res/api-management/service,Available,https://github.com/Azure/bicep-registry-modules/tree/main/avm/res/api-management/service/subscription,br/public:avm/res/api-management/service/subscription:X.Y.Z,46d3xbcp.res.apimgmt-subscription,abhishekaryams,Abhishek Arya,tony-box,Tony Box,,AVM Child Module for API Management Service - Subscription,,2025-09
Microsoft.ApiManagement,service/workspaces,API Management Service - Workspaces,,avm/res/api-management/service/workspace,avm/res/api-management/service,Available,https://github.com/Azure/bicep-registry-modules/tree/main/avm/res/api-management/service/workspace,br/public:avm/res/api-management/service/workspace:X.Y.Z,46d3xbcp.res.apimgmt-workspace,abhishekaryams,Abhishek Arya,tony-box,Tony Box,,AVM Child Module for API Management Service - Workspaces,,2026-05
Microsoft.ApiManagement,service/workspaces/apis,API Management Service - Workspace - API,,avm/res/api-management/service/workspace/api,avm/res/api-management/service,Available,https://github.com/Azure/bicep-registry-modules/tree/main/avm/res/api-management/service/workspace/api,br/public:avm/res/api-management/service/workspace/api:X.Y.Z,46d3xbcp.res.apimgmt-service-workspaceapi,abhishekaryams,Abhishek Arya,tony-box,Tony Box,,AVM Child Module for API Management Service - Workspace - API,Bulk-added child module,2026-05
Microsoft.ApiManagement,service/workspaces/apiVersionSets,API Management Service - Workspace - API Version Set,,avm/res/api-management/service/workspace/api-version-set,avm/res/api-management/service,Available,https://github.com/Azure/bicep-registry-modules/tree/main/avm/res/api-management/service/workspace/api-version-set,br/public:avm/res/api-management/service/workspace/api-version-set:X.Y.Z,46d3xbcp.res.apimgmt-service-workspaceapiverset,abhishekaryams,Abhishek Arya,tony-box,Tony Box,,AVM Child Module for API Management Service - Workspace - API Version Set,Bulk-added child module,2026-05
Microsoft.ApiManagement,service/workspaces/apis/diagnostics,API Management Service - Workspace - API - Diagnostics,,avm/res/api-management/service/workspace/api/diagnostics,avm/res/api-management/service,Available,https://github.com/Azure/bicep-registry-modules/tree/main/avm/res/api-management/service/workspace/api/diagnostics,br/public:avm/res/api-management/service/workspace/api/diagnostics:X.Y.Z,46d3xbcp.res.apimgmt-service-workspaceapidiag,abhishekaryams,Abhishek Arya,tony-box,Tony Box,,AVM Child Module for API Management Service - Workspace - API - Diagnostics,Bulk-added child module,2026-05
Microsoft.ApiManagement,service/workspaces/apis/operations,API Management Service - Workspace - API - Operation,,avm/res/api-management/service/workspace/api/operation,avm/res/api-management/service,Available,https://github.com/Azure/bicep-registry-modules/tree/main/avm/res/api-management/service/workspace/api/operation,br/public:avm/res/api-management/service/workspace/api/operation:X.Y.Z,46d3xbcp.res.apimgmt-service-workspaceapiop,abhishekaryams,Abhishek Arya,tony-box,Tony Box,,AVM Child Module for API Management Service - Workspace - API - Operation,Bulk-added child module,2026-05
Microsoft.ApiManagement,service/workspaces/apis/operations/policies,API Management Service - Workspace - API - Operation - Policy,,avm/res/api-management/service/workspace/api/operation/policy,avm/res/api-management/service,Available,https://github.com/Azure/bicep-registry-modules/tree/main/avm/res/api-management/service/workspace/api/operation/policy,br/public:avm/res/api-management/service/workspace/api/operation/policy:X.Y.Z,46d3xbcp.res.apimgmt-service-workspaceapioppol,abhishekaryams,Abhishek Arya,tony-box,Tony Box,,AVM Child Module for API Management Service - Workspace - API - Operation - Policy,Bulk-added child module,2026-05
Microsoft.ApiManagement,service/workspaces/apis/policies,API Management Service - Workspace - API - Policy,,avm/res/api-management/service/workspace/api/policy,avm/res/api-management/service,Available,https://github.com/Azure/bicep-registry-modules/tree/main/avm/res/api-management/service/workspace/api/policy,br/public:avm/res/api-management/service/workspace/api/policy:X.Y.Z,46d3xbcp.res.apimgmt-service-workspaceapipol,abhishekaryams,Abhishek Arya,tony-box,Tony Box,,AVM Child Module for API Management Service - Workspace - API - Policy,Bulk-added child module,2026-05
Microsoft.ApiManagement,service/workspaces/backends,API Management Service - Workspace - Backend,,avm/res/api-management/service/workspace/backend,avm/res/api-management/service,Available,https://github.com/Azure/bicep-registry-modules/tree/main/avm/res/api-management/service/workspace/backend,br/public:avm/res/api-management/service/workspace/backend:X.Y.Z,46d3xbcp.res.apimgmt-service-workspacebackend,abhishekaryams,Abhishek Arya,tony-box,Tony Box,,AVM Child Module for API Management Service - Workspace - Backend,Bulk-added child module,2026-05
Microsoft.ApiManagement,service/workspaces/diagnostics,API Management Service - Workspace - Diagnostics,,avm/res/api-management/service/workspace/diagnostics,avm/res/api-management/service,Available,https://github.com/Azure/bicep-registry-modules/tree/main/avm/res/api-management/service/workspace/diagnostics,br/public:avm/res/api-management/service/workspace/diagnostics:X.Y.Z,46d3xbcp.res.apimgmt-service-workspacediag,abhishekaryams,Abhishek Arya,tony-box,Tony Box,,AVM Child Module for API Management Service - Workspace - Diagnostics,Bulk-added child module,2026-05
Microsoft.ApiManagement,service/workspaces/loggers,API Management Service - Workspace - Logger,,avm/res/api-management/service/workspace/logger,avm/res/api-management/service,Available,https://github.com/Azure/bicep-registry-modules/tree/main/avm/res/api-management/service/workspace/logger,br/public:avm/res/api-management/service/workspace/logger:X.Y.Z,46d3xbcp.res.apimgmt-service-workspacelogger,abhishekaryams,Abhishek Arya,tony-box,Tony Box,,AVM Child Module for API Management Service - Workspace - Logger,Bulk-added child module,2026-05
Microsoft.ApiManagement,service/workspaces/namedValues,API Management Service - Workspace - Named Value,,avm/res/api-management/service/workspace/named-value,avm/res/api-management/service,Available,https://github.com/Azure/bicep-registry-modules/tree/main/avm/res/api-management/service/workspace/named-value,br/public:avm/res/api-management/service/workspace/named-value:X.Y.Z,46d3xbcp.res.apimgmt-service-workspacenamedval,abhishekaryams,Abhishek Arya,tony-box,Tony Box,,AVM Child Module for API Management Service - Workspace - Named Value,Bulk-added child module,2026-05
Microsoft.ApiManagement,service/workspaces/policies,API Management Service - Workspace - Policy,,avm/res/api-management/service/workspace/policy,avm/res/api-management/service,Available,https://github.com/Azure/bicep-registry-modules/tree/main/avm/res/api-management/service/workspace/policy,br/public:avm/res/api-management/service/workspace/policy:X.Y.Z,46d3xbcp.res.apimgmt-service-workspacepolicy,abhishekaryams,Abhishek Arya,tony-box,Tony Box,,AVM Child Module for API Management Service - Workspace - Policy,Bulk-added child module,2026-05
Microsoft.ApiManagement,service/workspaces/products,API Management Service - Workspace - Product,,avm/res/api-management/service/workspace/product,avm/res/api-management/service,Available,https://github.com/Azure/bicep-registry-modules/tree/main/avm/res/api-management/service/workspace/product,br/public:avm/res/api-management/service/workspace/product:X.Y.Z,46d3xbcp.res.apimgmt-service-workspaceproduct,abhishekaryams,Abhishek Arya,tony-box,Tony Box,,AVM Child Module for API Management Service - Workspace - Product,Bulk-added child module,2026-05
Microsoft.ApiManagement,service/workspaces/products/apiLinks,API Management Service - Workspace - Product - Api Link,,avm/res/api-management/service/workspace/product/api-link,avm/res/api-management/service,Available,https://github.com/Azure/bicep-registry-modules/tree/main/avm/res/api-management/service/workspace/product/api-link,br/public:avm/res/api-management/service/workspace/product/api-link:X.Y.Z,46d3xbcp.res.apimgmt-service-workspprodapilink,abhishekaryams,Abhishek Arya,tony-box,Tony Box,,AVM Child Module for API Management Service - Workspace - Product - Api Link,Bulk-added child module,2026-05
Microsoft.ApiManagement,service/workspaces/products/groupLinks,API Management Service - Workspace - Product - Group Link,,avm/res/api-management/service/workspace/product/group-link,avm/res/api-management/service,Available,https://github.com/Azure/bicep-registry-modules/tree/main/avm/res/api-management/service/workspace/product/group-link,br/public:avm/res/api-management/service/workspace/product/group-link:X.Y.Z,46d3xbcp.res.apimgmt-service-workspprodgrplink,abhishekaryams,Abhishek Arya,tony-box,Tony Box,,AVM Child Module for API Management Service - Workspace - Product - Group Link,Bulk-added child module,2026-05
Microsoft.ApiManagement,service/workspaces/products/policies,API Management Service - Workspace - Product - Policy,,avm/res/api-management/service/workspace/product/policy,avm/res/api-management/service,Available,https://github.com/Azure/bicep-registry-modules/tree/main/avm/res/api-management/service/workspace/product/policy,br/public:avm/res/api-management/service/workspace/product/policy:X.Y.Z,46d3xbcp.res.apimgmt-service-workspprodpolicy,abhishekaryams,Abhishek Arya,tony-box,Tony Box,,AVM Child Module for API Management Service - Workspace - Product - Policy,Bulk-added child module,2026-05
Microsoft.ApiManagement,service/workspaces/subscriptions,API Management Service - Workspace - Subscription,,avm/res/api-management/service/workspace/subscription,avm/res/api-management/service,Available,https://github.com/Azure/bicep-registry-modules/tree/main/avm/res/api-management/service/workspace/subscription,br/public:avm/res/api-management/service/workspace/subscription:X.Y.Z,46d3xbcp.res.apimgmt-service-workspacesub,abhishekaryams,Abhishek Arya,tony-box,Tony Box,,AVM Child Module for API Management Service - Workspace - Subscription,Bulk-added child module,2026-05
Microsoft.AppConfiguration,configurationStores,App Configuration Store,,avm/res/app-configuration/configuration-store,n/a,Available,https://github.com/Azure/bicep-registry-modules/tree/main/avm/res/app-configuration/configuration-store,br/public:avm/res/app-configuration/configuration-store:X.Y.Z,46d3xbcp.res.appconfiguration-configurationstore,Jfolberth,,,,,AVM Resource Module for App Configuration Store,,2024-03
Microsoft.AppConfiguration,configurationStores/keyValues,App Configuration Store - Key Value,,avm/res/app-configuration/configuration-store/key-value,avm/res/app-configuration/configuration-store,Available,https://github.com/Azure/bicep-registry-modules/tree/main/avm/res/app-configuration/configuration-store/key-value,br/public:avm/res/app-configuration/configuration-store/key-value:X.Y.Z,46d3xbcp.res.appconfig-configstore-keyvalue,Jfolberth,,,,,AVM Child Module for App Configuration Store - Key Value,Bulk-added child module,2026-04
Microsoft.AppConfiguration,configurationStores/replicas,App Configuration Store - Replica,,avm/res/app-configuration/configuration-store/replica,avm/res/app-configuration/configuration-store,Available,https://github.com/Azure/bicep-registry-modules/tree/main/avm/res/app-configuration/configuration-store/replica,br/public:avm/res/app-configuration/configuration-store/replica:X.Y.Z,46d3xbcp.res.appconfig-configstore-replica,Jfolberth,,,,,AVM Child Module for App Configuration Store - Replica,Bulk-added child module,2026-04
Microsoft.App,agents,Azure SRE Agent,,avm/res/app/agent,n/a,Proposed,https://github.com/Azure/bicep-registry-modules/tree/main/avm/res/app/agent,br/public:avm/res/app/agent:X.Y.Z,46d3xbcp.res.app-agent,FallenHoot,Zach,,,,AVM Child Module for Azure SRE Agent,,
Microsoft.App,containerApps,Container App,,avm/res/app/container-app,n/a,Available,https://github.com/Azure/bicep-registry-modules/tree/main/avm/res/app/container-app,br/public:avm/res/app/container-app:X.Y.Z,46d3xbcp.res.app-containerapp,oZakari,Zach Trocinski,,,,AVM Resource Module for Container App,,2024-01
Microsoft.App,containerApps/authConfigs,Container App - Auth Config,,avm/res/app/container-app/auth-config,avm/res/app/container-app,Available,https://github.com/Azure/bicep-registry-modules/tree/main/avm/res/app/container-app/auth-config,br/public:avm/res/app/container-app/auth-config:X.Y.Z,46d3xbcp.res.app-containerapp-authconfig,oZakari,Zach Trocinski,,,,AVM Child Module for Container App - Auth Config,Bulk-added child module,2026-04
Microsoft.App,Jobs,App Job,,avm/res/app/job,n/a,Available,https://github.com/Azure/bicep-registry-modules/tree/main/avm/res/app/job,br/public:avm/res/app/job:X.Y.Z,46d3xbcp.res.app-job,ReneHezser,René Hézser,,,,AVM Resource Module for App Job,,2024-05
Microsoft.App,managedEnvironments,App Managed Environment,,avm/res/app/managed-environment,n/a,Available,https://github.com/Azure/bicep-registry-modules/tree/main/avm/res/app/managed-environment,br/public:avm/res/app/managed-environment:X.Y.Z,46d3xbcp.res.app-managedenvironment,abhishekaryams,Abhishek Arya,,,,AVM Resource Module for App Managed Environment,,2023-12
Microsoft.App,managedEnvironments/certificates,App Managed Environment - Certificate,,avm/res/app/managed-environment/certificate,avm/res/app/managed-environment,Available,https://github.com/Azure/bicep-registry-modules/tree/main/avm/res/app/managed-environment/certificate,br/public:avm/res/app/managed-environment/certificate:X.Y.Z,46d3xbcp.res.app-managedenvironment-certificate,abhishekaryams,Abhishek Arya,,,,AVM Child Module for App Managed Environment - Certificate,Bulk-added child module,2026-05
Microsoft.App,managedEnvironments/dotNetComponents,App Managed Environment - .NET Component,,avm/res/app/managed-environment/dot-net-component,avm/res/app/managed-environment,Proposed,https://github.com/Azure/bicep-registry-modules/tree/main/avm/res/app/managed-environment/dot-net-component,br/public:avm/res/app/managed-environment/dot-net-component:X.Y.Z,46d3xbcp.res.app-managedenvironment-dotnetcomp,abhishekaryams,Abhishek Arya,,,,AVM Child Module for App Managed Environment - .NET Component,,
Microsoft.App,managedEnvironments/storages,App Managed Environment - Storage,,avm/res/app/managed-environment/storage,avm/res/app/managed-environment,Available,https://github.com/Azure/bicep-registry-modules/tree/main/avm/res/app/managed-environment/storage,br/public:avm/res/app/managed-environment/storage:X.Y.Z,46d3xbcp.res.app-managedenvironment-storage,abhishekaryams,Abhishek Arya,,,,AVM Child Module for App Managed Environment - Storage,Bulk-added child module,2026-05
Microsoft.App,sessionPools,App Session Pool,,avm/res/app/session-pool,n/a,Available,https://github.com/Azure/bicep-registry-modules/tree/main/avm/res/app/session-pool,br/public:avm/res/app/session-pool:X.Y.Z,46d3xbcp.res.app-sessionpool,abhishekaryams,Abhishek Arya,,,,AVM Resource Module for App Session Pool,,2025-02
Microsoft.Authorization,policyAssignments,Authorization - Policy Assignment,,avm/res/authorization/policy-assignment,n/a,Proposed,https://github.com/Azure/bicep-registry-modules/tree/main/avm/res/authorization/policy-assignment,br/public:avm/res/authorization/policy-assignment:X.Y.Z,46d3xbcp.res.authz-policyassignment,AlexanderSehr,Alexander Sehr,arnoldna,Nate Arnold,,AVM Resource Module for Authorization - Policy Assignment,,
Microsoft.Authorization,policyAssignments,Authorization - Policy Assignment - Management Group Scope,,avm/res/authorization/policy-assignment/mg-scope,avm/res/authorization/policy-assignment,Available,https://github.com/Azure/bicep-registry-modules/tree/main/avm/res/authorization/policy-assignment/mg-scope,br/public:avm/res/authorization/policy-assignment/mg-scope:X.Y.Z,46d3xbcp.res.authz-policyassignment_mgscope,AlexanderSehr,Alexander Sehr,arnoldna,Nate Arnold,,AVM Child Module for Authorization - Policy Assignment - Management Group Scope,,2025-09
Microsoft.Authorization,policyAssignments,Authorization - Policy Assignment - Resource Group Scope,,avm/res/authorization/policy-assignment/rg-scope,avm/res/authorization/policy-assignment,Available,https://github.com/Azure/bicep-registry-modules/tree/main/avm/res/authorization/policy-assignment/rg-scope,br/public:avm/res/authorization/policy-assignment/rg-scope:X.Y.Z,46d3xbcp.res.authz-policyassignment_rgscope,AlexanderSehr,Alexander Sehr,arnoldna,Nate Arnold,,AVM Child Module for Authorization - Policy Assignment - Resource Group Scope,,2025-09
Microsoft.Authorization,policyAssignments,Authorization - Policy Assignment - Subscription Scope,,avm/res/authorization/policy-assignment/sub-scope,avm/res/authorization/policy-assignment,Available,https://github.com/Azure/bicep-registry-modules/tree/main/avm/res/authorization/policy-assignment/sub-scope,br/public:avm/res/authorization/policy-assignment/sub-scope:X.Y.Z,46d3xbcp.res.authz-policyassignment_subscope,AlexanderSehr,Alexander Sehr,arnoldna,Nate Arnold,,AVM Child Module for Authorization - Policy Assignment - Subscription Scope,,2025-09
Microsoft.Authorization,roleAssignments,Authorization - Role Assignment,,avm/res/authorization/role-assignment,n/a,Proposed,https://github.com/Azure/bicep-registry-modules/tree/main/avm/res/authorization/role-assignment,br/public:avm/res/authorization/role-assignment:X.Y.Z,46d3xbcp.res.authz-roleassignment,arnoldna,Nate Arnold,,,,AVM Resource Module for Authorization - Role Assignment,,
Microsoft.Authorization,roleAssignments,Authorization - Role Assignment - Management Group Scope,,avm/res/authorization/role-assignment/mg-scope,avm/res/authorization/role-assignment,Available,https://github.com/Azure/bicep-registry-modules/tree/main/avm/res/authorization/role-assignment/mg-scope,br/public:avm/res/authorization/role-assignment/mg-scope:X.Y.Z,46d3xbcp.res.authz-roleassignment_mgscope,arnoldna,Nate Arnold,,,,AVM Child Module for Authorization - Role Assignment - Management Group Scope,,2025-06
Microsoft.Authorization,roleAssignments,Authorization - Role Assignment - Resource Group Scope,,avm/res/authorization/role-assignment/rg-scope,avm/res/authorization/role-assignment,Available,https://github.com/Azure/bicep-registry-modules/tree/main/avm/res/authorization/role-assignment/rg-scope,br/public:avm/res/authorization/role-assignment/rg-scope:X.Y.Z,46d3xbcp.res.authz-roleassignment_rgscope,arnoldna,Nate Arnold,,,,AVM Child Module for Authorization - Role Assignment - Resource Group Scope,,2025-06
Microsoft.Authorization,roleAssignments,Authorization - Role Assignment - Subscription Scope,,avm/res/authorization/role-assignment/sub-scope,avm/res/authorization/role-assignment,Available,https://github.com/Azure/bicep-registry-modules/tree/main/avm/res/authorization/role-assignment/sub-scope,br/public:avm/res/authorization/role-assignment/sub-scope:X.Y.Z,46d3xbcp.res.authz-roleassignment_subscope,arnoldna,Nate Arnold,,,,AVM Child Module for Authorization - Role Assignment - Subscription Scope,,2025-06
Microsoft.Automation,automationAccounts,Automation Account,,avm/res/automation/automation-account,n/a,Available,https://github.com/Azure/bicep-registry-modules/tree/main/avm/res/automation/automation-account,br/public:avm/res/automation/automation-account:X.Y.Z,46d3xbcp.res.automation-automationaccount,gpacetti,,,,,AVM Resource Module for Automation Account,,2023-12
Microsoft.Automation,automationAccounts/credentials,Automation Account - Credential,,avm/res/automation/automation-account/credential,avm/res/automation/automation-account,Available,https://github.com/Azure/bicep-registry-modules/tree/main/avm/res/automation/automation-account/credential,br/public:avm/res/automation/automation-account/credential:X.Y.Z,46d3xbcp.res.aut-autacct-credential,gpacetti,,,,,AVM Child Module for Automation Account - Credential,Bulk-added child module,2026-05
Microsoft.Automation,automationAccounts/hybridRunbookWorkerGroups,Automation Account - Hybrid Runbook Worker Group,,avm/res/automation/automation-account/hybrid-runbook-worker-group,avm/res/automation/automation-account,Available,https://github.com/Azure/bicep-registry-modules/tree/main/avm/res/automation/automation-account/hybrid-runbook-worker-group,br/public:avm/res/automation/automation-account/hybrid-runbook-worker-group:X.Y.Z,46d3xbcp.res.aut-autacct-hybrunbookwrkrgrp,gpacetti,,,,,AVM Child Module for Automation Account - Hybrid Runbook Worker Group,Bulk-added child module,2026-05
Microsoft.Automation,automationAccounts/hybridRunbookWorkerGroups/hybridRunbookWorkers,Automation Account - Hybrid Runbook Worker Group - Hybrid Runb Wrkr,,avm/res/automation/automation-account/hybrid-runbook-worker-group/hybrid-runbook-worker,avm/res/automation/automation-account,Available,https://github.com/Azure/bicep-registry-modules/tree/main/avm/res/automation/automation-account/hybrid-runbook-worker-group/hybrid-runbook-worker,br/public:avm/res/automation/automation-account/hybrid-runbook-worker-group/hybrid-runbook-worker:X.Y.Z,46d3xbcp.res.aut-autacct-hybrunbkwrkrgrphybrubo,gpacetti,,,,,AVM Child Module for Automation Account - Hybrid Runbook Worker Group - Hybrid Runb Wrkr,Bulk-added child module,2026-05
Microsoft.Automation,automationAccounts/jobSchedules,Automation Account - Job Schedule,,avm/res/automation/automation-account/job-schedule,avm/res/automation/automation-account,Available,https://github.com/Azure/bicep-registry-modules/tree/main/avm/res/automation/automation-account/job-schedule,br/public:avm/res/automation/automation-account/job-schedule:X.Y.Z,46d3xbcp.res.aut-autacct-jobschedule,gpacetti,,,,,AVM Child Module for Automation Account - Job Schedule,Bulk-added child module,2026-05
Microsoft.Automation,automationAccounts/modules,Automation Account - Module,,avm/res/automation/automation-account/module,avm/res/automation/automation-account,Available,https://github.com/Azure/bicep-registry-modules/tree/main/avm/res/automation/automation-account/module,br/public:avm/res/automation/automation-account/module:X.Y.Z,46d3xbcp.res.aut-autacct-module,gpacetti,,,,,AVM Child Module for Automation Account - Module,Bulk-added child module,2026-05
Microsoft.Automation,automationAccounts/powerShell72Modules,Automation Account - Powershell72 Module,,avm/res/automation/automation-account/powershell72-module,avm/res/automation/automation-account,Available,https://github.com/Azure/bicep-registry-modules/tree/main/avm/res/automation/automation-account/powershell72-module,br/public:avm/res/automation/automation-account/powershell72-module:X.Y.Z,46d3xbcp.res.aut-autacct-powersh72module,gpacetti,,,,,AVM Child Module for Automation Account - Powershell72 Module,Bulk-added child module,2026-05
Microsoft.Automation,automationAccounts/python2Packages,Automation Account - Python2 Package,,avm/res/automation/automation-account/python2-package,avm/res/automation/automation-account,Available,https://github.com/Azure/bicep-registry-modules/tree/main/avm/res/automation/automation-account/python2-package,br/public:avm/res/automation/automation-account/python2-package:X.Y.Z,46d3xbcp.res.aut-autacct-python2package,gpacetti,,,,,AVM Child Module for Automation Account - Python2 Package,Bulk-added child module,2026-05
Microsoft.Automation,automationAccounts/python3Packages,Automation Account - Python3 Package,,avm/res/automation/automation-account/python3-package,avm/res/automation/automation-account,Available,https://github.com/Azure/bicep-registry-modules/tree/main/avm/res/automation/automation-account/python3-package,br/public:avm/res/automation/automation-account/python3-package:X.Y.Z,46d3xbcp.res.aut-autacct-python3package,gpacetti,,,,,AVM Child Module for Automation Account - Python3 Package,Bulk-added child module,2026-05
Microsoft.Automation,automationAccounts/runbooks,Automation Account - Runbook,,avm/res/automation/automation-account/runbook,avm/res/automation/automation-account,Available,https://github.com/Azure/bicep-registry-modules/tree/main/avm/res/automation/automation-account/runbook,br/public:avm/res/automation/automation-account/runbook:X.Y.Z,46d3xbcp.res.aut-autacct-runbook,gpacetti,,,,,AVM Child Module for Automation Account - Runbook,Bulk-added child module,2026-05
Microsoft.Automation,automationAccounts/schedules,Automation Account - Schedule,,avm/res/automation/automation-account/schedule,avm/res/automation/automation-account,Available,https://github.com/Azure/bicep-registry-modules/tree/main/avm/res/automation/automation-account/schedule,br/public:avm/res/automation/automation-account/schedule:X.Y.Z,46d3xbcp.res.aut-autacct-schedule,gpacetti,,,,,AVM Child Module for Automation Account - Schedule,Bulk-added child module,2026-05
Microsoft.Automation,automationAccounts/sourceControls,Automation Account - Source Control,,avm/res/automation/automation-account/source-control,avm/res/automation/automation-account,Available,https://github.com/Azure/bicep-registry-modules/tree/main/avm/res/automation/automation-account/source-control,br/public:avm/res/automation/automation-account/source-control:X.Y.Z,46d3xbcp.res.aut-autacct-sourcecontrol,gpacetti,,,,,AVM Child Module for Automation Account - Source Control,Bulk-added child module,2026-05
Microsoft.Automation,automationAccounts/variables,Automation Account - Variable,,avm/res/automation/automation-account/variable,avm/res/automation/automation-account,Available,https://github.com/Azure/bicep-registry-modules/tree/main/avm/res/automation/automation-account/variable,br/public:avm/res/automation/automation-account/variable:X.Y.Z,46d3xbcp.res.aut-autacct-variable,gpacetti,,,,,AVM Child Module for Automation Account - Variable,Bulk-added child module,2026-05
Microsoft.Automation,automationAccounts/webhooks,Automation Account - Webhook,,avm/res/automation/automation-account/webhook,avm/res/automation/automation-account,Available,https://github.com/Azure/bicep-registry-modules/tree/main/avm/res/automation/automation-account/webhook,br/public:avm/res/automation/automation-account/webhook:X.Y.Z,46d3xbcp.res.aut-autacct-webhook,gpacetti,,,,,AVM Child Module for Automation Account - Webhook,Bulk-added child module,2026-05
Microsoft.AVS,privateClouds,AVS Private Cloud,,avm/res/avs/private-cloud,n/a,Proposed,https://github.com/Azure/bicep-registry-modules/tree/main/avm/res/avs/private-cloud,br/public:avm/res/avs/private-cloud:X.Y.Z,46d3xbcp.res.avs-privatecloud,jchancellor-ms,,,,,AVM Resource Module for AVS Private Cloud,,
Microsoft.AzureStackHCI,clusters,Azure Stack HCI Cluster,,avm/res/azure-stack-hci/cluster,n/a,Available,https://github.com/Azure/bicep-registry-modules/tree/main/avm/res/azure-stack-hci/cluster,br/public:avm/res/azure-stack-hci/cluster:X.Y.Z,46d3xbcp.res.azurestackhci-cluster,chirag1603,,bniranjanbhat,,,AVM Resource Module for Azure Stack HCI Cluster,,2025-02
Microsoft.AzureStackHCI,clusters/arcSettings/extensions,Azure Stack HCI Cluster - Arc Settings Extension,,avm/res/azure-stack-hci/cluster/arc-setting/extension,avm/res/azure-stack-hci/cluster,Proposed,https://github.com/Azure/bicep-registry-modules/tree/main/avm/res/azure-stack-hci/cluster/arc-setting/extension,br/public:avm/res/azure-stack-hci/cluster/arc-setting/extension:X.Y.Z,46d3xbcp.res.azurestackhci-clusterarcsetting,chirag1603,,bniranjanbhat,,,AVM Resource Module for Azure Stack HCI Cluster - Arc Settings Extension,,
Microsoft.AzureStackHCI,clusters/deploymentSettings,Azure Stack HCI Cluster - Deployment Setting,,avm/res/azure-stack-hci/cluster/deployment-setting,avm/res/azure-stack-hci/cluster,Proposed,https://github.com/Azure/bicep-registry-modules/tree/main/avm/res/azure-stack-hci/cluster/deployment-setting,br/public:avm/res/azure-stack-hci/cluster/deployment-setting:X.Y.Z,46d3xbcp.res.azurestackhci-cluster-deplsetting,chirag1603,,bniranjanbhat,,,AVM Child Module for Azure Stack HCI Cluster - Deployment Setting,Bulk-added child module,
Microsoft.AzureStackHCI,logicalNetworks,Azure Stack HCI Logical Network,,avm/res/azure-stack-hci/logical-network,n/a,Available,https://github.com/Azure/bicep-registry-modules/tree/main/avm/res/azure-stack-hci/logical-network,br/public:avm/res/azure-stack-hci/logical-network:X.Y.Z,46d3xbcp.res.azurestackhci-logicalnetwork,chirag1603,,bniranjanbhat,,,AVM Resource Module for Azure Stack HCI Logical Network,,2025-03
Microsoft.AzureStackHCI,marketplaceGalleryImages,Azure Stack HCI Marketplace Gallery Image,,avm/res/azure-stack-hci/marketplace-gallery-image,n/a,Available,https://github.com/Azure/bicep-registry-modules/tree/main/avm/res/azure-stack-hci/marketplace-gallery-image,br/public:avm/res/azure-stack-hci/marketplace-gallery-image:X.Y.Z,46d3xbcp.res.azurestackhci-markplgalleryimg,chirag1603,,bniranjanbhat,,,AVM Resource Module for Azure Stack HCI Marketplace Gallery Image,,2025-07
Microsoft.AzureStackHCI,networkInterfaces,Azure Stack HCI Network Interface,,avm/res/azure-stack-hci/network-interface,n/a,Available,https://github.com/Azure/bicep-registry-modules/tree/main/avm/res/azure-stack-hci/network-interface,br/public:avm/res/azure-stack-hci/network-interface:X.Y.Z,46d3xbcp.res.azurestackhci-networkinterface,chirag1603,,bniranjanbhat,,,AVM Resource Module for Azure Stack HCI Network Interface,,2025-03
Microsoft.AzureStackHCI,virtualHardDisks,Azure Stack HCI Hard Disk,,avm/res/azure-stack-hci/virtual-hard-disk,n/a,Available,https://github.com/Azure/bicep-registry-modules/tree/main/avm/res/azure-stack-hci/virtual-hard-disk,br/public:avm/res/azure-stack-hci/virtual-hard-disk:X.Y.Z,46d3xbcp.res.azurestackhci-virtualharddisk,chirag1603,,bniranjanbhat,,,AVM Resource Module for Azure Stack HCI Hard Disk,,2025-03
Microsoft.AzureStackHCI,virtualMachineInstances,Azure Stack HCI Virtual Machine Instance,,avm/res/azure-stack-hci/virtual-machine-instance,n/a,Available,https://github.com/Azure/bicep-registry-modules/tree/main/avm/res/azure-stack-hci/virtual-machine-instance,br/public:avm/res/azure-stack-hci/virtual-machine-instance:X.Y.Z,46d3xbcp.res.azurestackhci-virtualmachineinstance,chirag1603,,bniranjanbhat,,,AVM Resource Module for Azure Stack HCI Virtual Machine Instance,,2025-07
Microsoft.Batch,batchAccounts,Batch Account,,avm/res/batch/batch-account,n/a,Available,https://github.com/Azure/bicep-registry-modules/tree/main/avm/res/batch/batch-account,br/public:avm/res/batch/batch-account:X.Y.Z,46d3xbcp.res.batch-batchaccount,didayal-msft,Divyadeep Dayal,,,,AVM Resource Module for Batch Account,,2023-11
Microsoft.BotService,botServices,Bot Service,,avm/res/bot-service/bot-service,n/a,Proposed,https://github.com/Azure/bicep-registry-modules/tree/main/avm/res/bot-service/bot-service,br/public:avm/res/bot-service/bot-service:X.Y.Z,46d3xbcp.res.botservice-botservice,,,,,,AVM Resource Module for Bot Service,,
Microsoft.Cache,Redis,Redis Cache,,avm/res/cache/redis,n/a,Available,https://github.com/Azure/bicep-registry-modules/tree/main/avm/res/cache/redis,br/public:avm/res/cache/redis:X.Y.Z,46d3xbcp.res.cache-redis,TomazMlakar,Tomaz Mlakar,segraef,Sebastian Gräf,,AVM Resource Module for Redis Cache,,2024-01
Microsoft.Cache,redisEnterprise,Redis Enterprise Cache,Azure Managed Redis,avm/res/cache/redis-enterprise,n/a,Available,https://github.com/Azure/bicep-registry-modules/tree/main/avm/res/cache/redis-enterprise,br/public:avm/res/cache/redis-enterprise:X.Y.Z,46d3xbcp.res.cache-redisenterprise,JeffreyCA,,,,,AVM Resource Module for Redis Enterprise Cache,,2025-02
Microsoft.Cache,redisEnterprise/databases,Redis Enterprise Cache - Database,,avm/res/cache/redis-enterprise/database,avm/res/cache/redis-enterprise,Proposed,https://github.com/Azure/bicep-registry-modules/tree/main/avm/res/cache/redis-enterprise/database,br/public:avm/res/cache/redis-enterprise/database:X.Y.Z,46d3xbcp.res.cache-redisenterprise-database,JeffreyCA,,,,,AVM Child Module for Redis Enterprise Cache - Database,Bulk-added child module,
Microsoft.Cache,redisEnterprise/databases/accessPolicyAssignments,Redis Enterprise Cache - Database - Access Policy Assignment,,avm/res/cache/redis-enterprise/database/access-policy-assignment,avm/res/cache/redis-enterprise,Proposed,https://github.com/Azure/bicep-registry-modules/tree/main/avm/res/cache/redis-enterprise/database/access-policy-assignment,br/public:avm/res/cache/redis-enterprise/database/access-policy-assignment:X.Y.Z,46d3xbcp.res.cache-redisenterprise-databaseaccess,JeffreyCA,,,,,AVM Child Module for Redis Enterprise Cache - Database - Access Policy Assignment,Bulk-added child module,
Microsoft.Cache,redis/accessPolicies,Redis Cache Access Policy,,avm/res/cache/redis/access-policy,avm/res/cache/redis,Proposed,https://github.com/Azure/bicep-registry-modules/tree/main/avm/res/cache/redis/access-policy,br/public:avm/res/cache/redis/access-policy:X.Y.Z,,TomazMlakar,Tomaz Mlakar,segraef,Sebastian Gräf,,This module deploys an access policy for Redis Cache.,,
Microsoft.Cache,redis/accessPolicyAssignments,Redis Cache Access Policy Assignment,,avm/res/cache/redis/access-policy-assignment,avm/res/cache/redis,Proposed,https://github.com/Azure/bicep-registry-modules/tree/main/avm/res/cache/redis/access-policy-assignment,br/public:avm/res/cache/redis/access-policy-assignment:X.Y.Z,,TomazMlakar,Tomaz Mlakar,segraef,Sebastian Gräf,,This module deploys an access policy assignment for Redis Cache.,,
Microsoft.Cache,redis/firewallRules,Redis Cache Firewall Rules,,avm/res/cache/redis/firewall-rule,avm/res/cache/redis,Proposed,https://github.com/Azure/bicep-registry-modules/tree/main/avm/res/cache/redis/firewall-rule,br/public:avm/res/cache/redis/firewall-rule:X.Y.Z,,TomazMlakar,Tomaz Mlakar,segraef,Sebastian Gräf,,This module creates a firewall rule for Redis Cache.,,
Microsoft.Cache,redis/linkedServers,Redis Cache Linked Servers,,avm/res/cache/redis/linked-server,avm/res/cache/redis,Proposed,https://github.com/Azure/bicep-registry-modules/tree/main/avm/res/cache/redis/linked-server,br/public:avm/res/cache/redis/linked-server:X.Y.Z,,TomazMlakar,Tomaz Mlakar,segraef,Sebastian Gräf,,This module connects a primary and secondary Redis Cache together for geo-replication.,,
Microsoft.Cdn,profiles,CDN Profile,Azure Front Door,avm/res/cdn/profile,n/a,Available,https://github.com/Azure/bicep-registry-modules/tree/main/avm/res/cdn/profile,br/public:avm/res/cdn/profile:X.Y.Z,46d3xbcp.res.cdn-profile,gbeaud,Guillaume Beaud,,,,AVM Resource Module for CDN Profile,,2024-03
Microsoft.Cdn,profiles/afdEndpoints,CDN Profile - AFD Endpoint,,avm/res/cdn/profile/afd-endpoint,avm/res/cdn/profile,Available,https://github.com/Azure/bicep-registry-modules/tree/main/avm/res/cdn/profile/afd-endpoint,br/public:avm/res/cdn/profile/afd-endpoint:X.Y.Z,46d3xbcp.res.cdn-profile-afdendpoint,gbeaud,Guillaume Beaud,,,,AVM Child Module for CDN Profile - AFD Endpoint,Bulk-added child module,2026-04
Microsoft.Cdn,profiles/afdEndpoints/routes,CDN Profile - AFD Endpoint Route,,avm/res/cdn/profile/afd-endpoint/route,avm/res/cdn/profile,Available,https://github.com/Azure/bicep-registry-modules/tree/main/avm/res/cdn/profile/afd-endpoint/route,br/public:avm/res/cdn/profile/afd-endpoint/route:X.Y.Z,46d3xbcp.res.cdn-profile-afdendpointroute,gbeaud,Guillaume Beaud,,,,AVM Child Module for CDN Profile - AFD Endpoint Route,,2026-03
Microsoft.Cdn,profiles/customDomains,CDN Profile - Custom Domain,,avm/res/cdn/profile/custom-domain,avm/res/cdn/profile,Available,https://github.com/Azure/bicep-registry-modules/tree/main/avm/res/cdn/profile/custom-domain,br/public:avm/res/cdn/profile/custom-domain:X.Y.Z,46d3xbcp.res.cdn-profile-domain,gbeaud,Guillaume Beaud,,,,AVM Child Module for CDN Profile - Custom Domain,,2026-03
Microsoft.Cdn,profiles/endpoints,CDN Profile - Endpoint,,avm/res/cdn/profile/endpoint,avm/res/cdn/profile,Available,https://github.com/Azure/bicep-registry-modules/tree/main/avm/res/cdn/profile/endpoint,br/public:avm/res/cdn/profile/endpoint:X.Y.Z,46d3xbcp.res.cdn-profile-endpoint,gbeaud,Guillaume Beaud,,,,AVM Child Module for CDN Profile - Endpoint,Bulk-added child module,2026-04
Microsoft.Cdn,profiles/endpoints/origins,CDN Profile - Endpoint - Origin,,avm/res/cdn/profile/endpoint/origin,avm/res/cdn/profile,Available,https://github.com/Azure/bicep-registry-modules/tree/main/avm/res/cdn/profile/endpoint/origin,br/public:avm/res/cdn/profile/endpoint/origin:X.Y.Z,46d3xbcp.res.cdn-profile-endpointorigin,gbeaud,Guillaume Beaud,,,,AVM Child Module for CDN Profile - Endpoint - Origin,Bulk-added child module,2026-04
Microsoft.Cdn,profiles/originGroups,CDN Profile - Origin Group,,avm/res/cdn/profile/origin-group,avm/res/cdn/profile,Available,https://github.com/Azure/bicep-registry-modules/tree/main/avm/res/cdn/profile/origin-group,br/public:avm/res/cdn/profile/origin-group:X.Y.Z,46d3xbcp.res.cdn-profile-origingroup,gbeaud,Guillaume Beaud,,,,AVM Child Module for CDN Profile - Origin Group,,2026-03
Microsoft.Cdn,profiles/originGroups/origins,CDN Profile - Origin Group - Origin,,avm/res/cdn/profile/origin-group/origin,avm/res/cdn/profile,Available,https://github.com/Azure/bicep-registry-modules/tree/main/avm/res/cdn/profile/origin-group/origin,br/public:avm/res/cdn/profile/origin-group/origin:X.Y.Z,46d3xbcp.res.cdn-profile-origingroup-origin,gbeaud,Guillaume Beaud,,,,AVM Child Module for CDN Profile - Origin Group - Origin,,2026-03
Microsoft.Cdn,profiles/ruleSets,CDN Profile - Rule Set,,avm/res/cdn/profile/rule-set,avm/res/cdn/profile,Available,https://github.com/Azure/bicep-registry-modules/tree/main/avm/res/cdn/profile/rule-set,br/public:avm/res/cdn/profile/rule-set:X.Y.Z,46d3xbcp.res.cdn-profile-ruleset,gbeaud,Guillaume Beaud,,,,AVM Child Module for CDN Profile - Rule Set,,2026-03
Microsoft.Cdn,profiles/ruleSets/rules,CDN Profile - Rule Set - Rule,,avm/res/cdn/profile/rule-set/rule,avm/res/cdn/profile,Available,https://github.com/Azure/bicep-registry-modules/tree/main/avm/res/cdn/profile/rule-set/rule,br/public:avm/res/cdn/profile/rule-set/rule:X.Y.Z,46d3xbcp.res.cdn-profile-rulesetrule,gbeaud,Guillaume Beaud,,,,AVM Child Module for CDN Profile - Rule Set - Rule,Bulk-added child module,2026-04
Microsoft.Cdn,profiles/secrets,CDN Profile - Secret,,avm/res/cdn/profile/secret,avm/res/cdn/profile,Available,https://github.com/Azure/bicep-registry-modules/tree/main/avm/res/cdn/profile/secret,br/public:avm/res/cdn/profile/secret:X.Y.Z,46d3xbcp.res.cdn-profile-secret,gbeaud,Guillaume Beaud,,,,AVM Child Module for CDN Profile - Secret,Bulk-added child module,2026-04
Microsoft.Cdn,profiles/securityPolicies,CDN Profile - Security Policy,,avm/res/cdn/profile/security-policy,avm/res/cdn/profile,Available,https://github.com/Azure/bicep-registry-modules/tree/main/avm/res/cdn/profile/security-policy,br/public:avm/res/cdn/profile/security-policy:X.Y.Z,46d3xbcp.res.cdn-profile-securitypolicy,gbeaud,Guillaume Beaud,,,,AVM Child Module for CDN Profile - Security Policy,,2026-03
Microsoft.Chaos,experiments,Chaos Experiment,,avm/res/chaos/experiment,n/a,Proposed,https://github.com/Azure/bicep-registry-modules/tree/main/avm/res/chaos/experiment,br/public:avm/res/chaos/experiment:X.Y.Z,46d3xbcp.res.chaos-experiment,,,,,,AVM Resource Module for Chaos Experiment,,
Microsoft.CodeSigning,codeSigningAccounts,Azure Artifact Signing,,avm/res/code-signing/code-signing-account,n/a,Orphaned,https://github.com/Azure/bicep-registry-modules/tree/main/avm/res/code-signing/code-signing-account,br/public:avm/res/code-signing/code-signing-account:X.Y.Z,46d3xbcp.res.codesigning-codesigningaccount,,,,,,AVM Resource Module for Azure Artifact Signing,,2026-09
Microsoft.CognitiveServices,accounts,Azure AI Services (Cognitive Services),AI Foundry,avm/res/cognitive-services/account,n/a,Available,https://github.com/Azure/bicep-registry-modules/tree/main/avm/res/cognitive-services/account,br/public:avm/res/cognitive-services/account:X.Y.Z,46d3xbcp.res.cognitiveservices-account,chanakanissanka,Chanaka Nissanka,,,,AVM Resource Module for Azure AI Services (Cognitive Services),,2023-11
Microsoft.CognitiveServices,accounts/deployments,Azure AI Services (Cognitive Services) - Deployment,,avm/res/cognitive-services/account/deployment,avm/res/cognitive-services/account,Proposed,https://github.com/Azure/bicep-registry-modules/tree/main/avm/res/cognitive-services/account/deployment,br/public:avm/res/cognitive-services/account/deployment:X.Y.Z,46d3xbcp.res.cognitiveservices-account-deployment,chanakanissanka,Chanaka Nissanka,,,,AVM Child Module for Azure AI Services (Cognitive Services) - Deployment,,
Microsoft.CognitiveServices,accounts/projects,Azure AI Services (Cognitive Services) - Project,,avm/res/cognitive-services/account/project,avm/res/cognitive-services/account,Proposed,https://github.com/Azure/bicep-registry-modules/tree/main/avm/res/cognitive-services/account/project,br/public:avm/res/cognitive-services/account/project:X.Y.Z,46d3xbcp.res.cognitiveservices-account-project,chanakanissanka,Chanaka Nissanka,,,,AVM Child Module for Azure AI Services (Cognitive Services) - Project,,
Microsoft.Communication,communicationServices,Communication Service,,avm/res/communication/communication-service,n/a,Available,https://github.com/Azure/bicep-registry-modules/tree/main/avm/res/communication/communication-service,br/public:avm/res/communication/communication-service:X.Y.Z,46d3xbcp.res.communication-communicationservice,donk-msft,,,,,AVM Resource Module for Communication Service,,2024-05
Microsoft.Communication,emailServices,Email Communication Service,,avm/res/communication/email-service,n/a,Available,https://github.com/Azure/bicep-registry-modules/tree/main/avm/res/communication/email-service,br/public:avm/res/communication/email-service:X.Y.Z,46d3xbcp.res.communication-emailservice,donk-msft,,,,,AVM Resource Module for Email Communication Service,,2024-05
Microsoft.Communication,emailServices/domains,Email Communication Service - Domain,,avm/res/communication/email-service/domain,avm/res/communication/email-service,Available,https://github.com/Azure/bicep-registry-modules/tree/main/avm/res/communication/email-service/domain,br/public:avm/res/communication/email-service/domain:X.Y.Z,46d3xbcp.res.comm-emailservice-domain,donk-msft,,,,,AVM Child Module for Email Communication Service - Domain,Bulk-added child module,2026-05
Microsoft.Communication,emailServices/domains/senderUsernames,Email Communication Service - Domain - Sender Username,,avm/res/communication/email-service/domain/sender-username,avm/res/communication/email-service,Available,https://github.com/Azure/bicep-registry-modules/tree/main/avm/res/communication/email-service/domain/sender-username,br/public:avm/res/communication/email-service/domain/sender-username:X.Y.Z,46d3xbcp.res.comm-emailservice-domsndrusrname,donk-msft,,,,,AVM Child Module for Email Communication Service - Domain - Sender Username,Bulk-added child module,2026-05
Microsoft.Compute,availabilitySets,Availability Set,AS,avm/res/compute/availability-set,n/a,Orphaned,https://github.com/Azure/bicep-registry-modules/tree/main/avm/res/compute/availability-set,br/public:avm/res/compute/availability-set:X.Y.Z,46d3xbcp.res.compute-availabilityset,,,,,,AVM Resource Module for Availability Set,,2024-01
Microsoft.Compute,disks,Compute Disk,,avm/res/compute/disk,n/a,Available,https://github.com/Azure/bicep-registry-modules/tree/main/avm/res/compute/disk,br/public:avm/res/compute/disk:X.Y.Z,46d3xbcp.res.compute-disk,segraef,Sebastian Gräf,,,,AVM Resource Module for Compute Disk,,2024-01
Microsoft.Compute,diskEncryptionSets,Disk Encryption Set,,avm/res/compute/disk-encryption-set,n/a,Available,https://github.com/Azure/bicep-registry-modules/tree/main/avm/res/compute/disk-encryption-set,br/public:avm/res/compute/disk-encryption-set:X.Y.Z,46d3xbcp.res.compute-diskencryptionset,segraef,Sebastian Gräf,krbar,Kris Baranek,,AVM Resource Module for Disk Encryption Set,,2024-01
Microsoft.Compute,galleries,Azure Compute Gallery,,avm/res/compute/gallery,n/a,Available,https://github.com/Azure/bicep-registry-modules/tree/main/avm/res/compute/gallery,br/public:avm/res/compute/gallery:X.Y.Z,46d3xbcp.res.compute-gallery,ReneHezser,René Hézser,,,,AVM Resource Module for Azure Compute Gallery,,2023-12
Microsoft.Compute,galleries/applications,Azure Compute Gallery - Application,,avm/res/compute/gallery/application,avm/res/compute/gallery,Available,https://github.com/Azure/bicep-registry-modules/tree/main/avm/res/compute/gallery/application,br/public:avm/res/compute/gallery/application:X.Y.Z,46d3xbcp.res.compute-gallery-application,ReneHezser,René Hézser,,,,AVM Child Module for Azure Compute Gallery - Application,Bulk-added child module,2026-05
Microsoft.Compute,galleries/images,Azure Compute Gallery - Image,,avm/res/compute/gallery/image,avm/res/compute/gallery,Available,https://github.com/Azure/bicep-registry-modules/tree/main/avm/res/compute/gallery/image,br/public:avm/res/compute/gallery/image:X.Y.Z,46d3xbcp.res.compute-gallery-image,ReneHezser,René Hézser,,,,AVM Child Module for Azure Compute Gallery - Image,Bulk-added child module,2026-05
Microsoft.Compute,images,Image,,avm/res/compute/image,n/a,Available,https://github.com/Azure/bicep-registry-modules/tree/main/avm/res/compute/image,br/public:avm/res/compute/image:X.Y.Z,46d3xbcp.res.compute-image,tony-box,Tony Box,,,,AVM Resource Module for Image,,2024-01
Microsoft.Compute,proximityPlacementGroups,Proximity Placement Group,,avm/res/compute/proximity-placement-group,n/a,Orphaned,https://github.com/Azure/bicep-registry-modules/tree/main/avm/res/compute/proximity-placement-group,br/public:avm/res/compute/proximity-placement-group:X.Y.Z,46d3xbcp.res.compute-proximityplacementgroup,,,,,,AVM Resource Module for Proximity Placement Group,,2024-01
Microsoft.Compute,sshPublicKeys,Public SSH Key,,avm/res/compute/ssh-public-key,n/a,Available,https://github.com/Azure/bicep-registry-modules/tree/main/avm/res/compute/ssh-public-key,br/public:avm/res/compute/ssh-public-key:X.Y.Z,46d3xbcp.res.compute-sshpublickey,ChrisSidebotham,ChrisSidebotham-MSFT,,,,AVM Resource Module for Public SSH Key,,2023-11
Microsoft.Compute,virtualMachines,Virtual Machine,VM,avm/res/compute/virtual-machine,n/a,Available,https://github.com/Azure/bicep-registry-modules/tree/main/avm/res/compute/virtual-machine,br/public:avm/res/compute/virtual-machine:X.Y.Z,46d3xbcp.res.compute-virtualmachine,josunefon,Jordi Suñé,rahalan,Rainer Halanek,,AVM Resource Module for Virtual Machine,,2024-01
Microsoft.Compute,virtualMachineScaleSets,Virtual Machine Scale Set,VMSS,avm/res/compute/virtual-machine-scale-set,n/a,Available,https://github.com/Azure/bicep-registry-modules/tree/main/avm/res/compute/virtual-machine-scale-set,br/public:avm/res/compute/virtual-machine-scale-set:X.Y.Z,46d3xbcp.res.compute-virtualmachinescaleset,josunefon,Jordi Suñé,rahalan,Rainer Halanek,,AVM Resource Module for Virtual Machine Scale Set,,2024-03
Microsoft.Compute,virtualMachineScaleSets/extensions,Virtual Machine Scale Set - Extension,,avm/res/compute/virtual-machine-scale-set/extension,avm/res/compute/virtual-machine-scale-set,Available,https://github.com/Azure/bicep-registry-modules/tree/main/avm/res/compute/virtual-machine-scale-set/extension,br/public:avm/res/compute/virtual-machine-scale-set/extension:X.Y.Z,46d3xbcp.res.compute-vmss-extension,josunefon,Jordi Suñé,rahalan,Rainer Halanek,,AVM Child Module for Virtual Machine Scale Set - Extension,Bulk-added child module,2026-05
Microsoft.Compute,virtualMachines/extensions,Virtual Machine - Extension,,avm/res/compute/virtual-machine/extension,avm/res/compute/virtual-machine,Available,https://github.com/Azure/bicep-registry-modules/tree/main/avm/res/compute/virtual-machine/extension,br/public:avm/res/compute/virtual-machine/extension:X.Y.Z,46d3xbcp.res.compute-vm-extension,josunefon,Jordi Suñé,rahalan,Rainer Halanek,,AVM Child Module for Virtual Machine - Extension,Bulk-added child module,2026-05
Microsoft.Consumption,budgets,Consumption Budget,,avm/res/consumption/budget,n/a,Available,https://github.com/Azure/bicep-registry-modules/tree/main/avm/res/consumption/budget,br/public:avm/res/consumption/budget:X.Y.Z,46d3xbcp.res.consumption-budget,segraef,Sebastian Gräf,,,,AVM Resource Module for Consumption Budget,,2024-01
Microsoft.Consumption,budgets,Consumption Budget - Management Group Scope,,avm/res/consumption/budget/mg-scope,avm/res/consumption/budget,Available,https://github.com/Azure/bicep-registry-modules/tree/main/avm/res/consumption/budget/mg-scope,br/public:avm/res/consumption/budget/mg-scope:X.Y.Z,46d3xbcp.res.consumption-budget_mgscope,segraef,Sebastian Gräf,,,,AVM Child Module for Consumption Budget - Management Group Scope,,2025-09
Microsoft.Consumption,budgets,Consumption Budget - Resource Group Scope,,avm/res/consumption/budget/rg-scope,avm/res/consumption/budget,Available,https://github.com/Azure/bicep-registry-modules/tree/main/avm/res/consumption/budget/rg-scope,br/public:avm/res/consumption/budget/rg-scope:X.Y.Z,46d3xbcp.res.consumption-budget_rgscope,segraef,Sebastian Gräf,,,,AVM Child Module for Consumption Budget - Resource Group Scope,,2025-09
Microsoft.Consumption,budgets,Consumption Budget - Subscription Scope,,avm/res/consumption/budget/sub-scope,avm/res/consumption/budget,Available,https://github.com/Azure/bicep-registry-modules/tree/main/avm/res/consumption/budget/sub-scope,br/public:avm/res/consumption/budget/sub-scope:X.Y.Z,46d3xbcp.res.consumption-budget_subscope,segraef,Sebastian Gräf,,,,AVM Child Module for Consumption Budget - Subscription Scope,,2025-09
Microsoft.ContainerInstance,containerGroups,Container Instance,ACI,avm/res/container-instance/container-group,n/a,Available,https://github.com/Azure/bicep-registry-modules/tree/main/avm/res/container-instance/container-group,br/public:avm/res/container-instance/container-group:X.Y.Z,46d3xbcp.res.containerinstance-containergroup,JPEasier,Julian Peißker,,,,AVM Resource Module for Container Instance,,2024-03
Microsoft.ContainerRegistry,registries,Azure Container Registry (ACR),,avm/res/container-registry/registry,n/a,Available,https://github.com/Azure/bicep-registry-modules/tree/main/avm/res/container-registry/registry,br/public:avm/res/container-registry/registry:X.Y.Z,46d3xbcp.res.containerregistry-registry,JPEasier,Julian Peißker,,,,AVM Resource Module for Azure Container Registry (ACR),,2024-01
Microsoft.ContainerRegistry,registries/cacheRules,Azure Container Registry (ACR) - Cache Rule,,avm/res/container-registry/registry/cache-rule,avm/res/container-registry/registry,Available,https://github.com/Azure/bicep-registry-modules/tree/main/avm/res/container-registry/registry/cache-rule,br/public:avm/res/container-registry/registry/cache-rule:X.Y.Z,46d3xbcp.res.containerregistry-registry-cacherule,JPEasier,Julian Peißker,,,,AVM Child Module for Azure Container Registry (ACR) - Cache Rule,,2026-03
Microsoft.ContainerRegistry,registries/credentialSets,Azure Container Registry (ACR) - Credential Set,,avm/res/container-registry/registry/credential-set,avm/res/container-registry/registry,Available,https://github.com/Azure/bicep-registry-modules/tree/main/avm/res/container-registry/registry/credential-set,br/public:avm/res/container-registry/registry/credential-set:X.Y.Z,46d3xbcp.res.containerregistry-registry-credset,JPEasier,Julian Peißker,,,,AVM Child Module for Azure Container Registry (ACR) - Credential Set,,2026-03
Microsoft.ContainerRegistry,registries/replications,Azure Container Registry (ACR) - Replication,,avm/res/container-registry/registry/replication,avm/res/container-registry/registry,Available,https://github.com/Azure/bicep-registry-modules/tree/main/avm/res/container-registry/registry/replication,br/public:avm/res/container-registry/registry/replication:X.Y.Z,46d3xbcp.res.containerregistry-registry-repl,JPEasier,Julian Peißker,,,,AVM Child Module for Azure Container Registry (ACR) - Replication,,2026-03
Microsoft.ContainerRegistry,registries/scopeMaps,Azure Container Registry (ACR) - Scope Map,,avm/res/container-registry/registry/scope-map,avm/res/container-registry/registry,Available,https://github.com/Azure/bicep-registry-modules/tree/main/avm/res/container-registry/registry/scope-map,br/public:avm/res/container-registry/registry/scope-map:X.Y.Z,46d3xbcp.res.containerregistry-registry-scopemap,JPEasier,Julian Peißker,,,,AVM Child Module for Azure Container Registry (ACR) - Scope Map,,2026-03
Microsoft.ContainerRegistry,registries/tasks,Azure Container Registry (ACR) - Task,,avm/res/container-registry/registry/task,avm/res/container-registry/registry,Available,https://github.com/Azure/bicep-registry-modules/tree/main/avm/res/container-registry/registry/task,br/public:avm/res/container-registry/registry/task:X.Y.Z,46d3xbcp.res.containerregistry-registry-task,JPEasier,Julian Peißker,,,,AVM Child Module for Azure Container Registry (ACR) - Task,,2026-03
Microsoft.ContainerRegistry,registries/tokens,Azure Container Registry (ACR) - Token,,avm/res/container-registry/registry/token,avm/res/container-registry/registry,Available,https://github.com/Azure/bicep-registry-modules/tree/main/avm/res/container-registry/registry/token,br/public:avm/res/container-registry/registry/token:X.Y.Z,46d3xbcp.res.containerregistry-registry-token,JPEasier,Julian Peißker,,,,AVM Child Module for Azure Container Registry (ACR) - Token,,2026-03
Microsoft.ContainerRegistry,registries/webhooks,Azure Container Registry (ACR) - Webhook,,avm/res/container-registry/registry/webhook,avm/res/container-registry/registry,Available,https://github.com/Azure/bicep-registry-modules/tree/main/avm/res/container-registry/registry/webhook,br/public:avm/res/container-registry/registry/webhook:X.Y.Z,46d3xbcp.res.containerregistry-registry-webhook,JPEasier,Julian Peißker,,,,AVM Child Module for Azure Container Registry (ACR) - Webhook,,2026-03
Microsoft.ContainerService,managedClusters,Azure Kubernetes Service (AKS) Managed Cluster,,avm/res/container-service/managed-cluster,n/a,Available,https://github.com/Azure/bicep-registry-modules/tree/main/avm/res/container-service/managed-cluster,br/public:avm/res/container-service/managed-cluster:X.Y.Z,46d3xbcp.res.containerservice-managedcluster,JPEasier,Julian Peißker,,,,AVM Resource Module for Azure Kubernetes Service (AKS) Managed Cluster,,2024-01
Microsoft.ContainerService,managedClusters/agentPools,Azure Kubernetes Service (AKS) Managed Cluster - Agent Pool,,avm/res/container-service/managed-cluster/agent-pool,avm/res/container-service/managed-cluster,Available,https://github.com/Azure/bicep-registry-modules/tree/main/avm/res/container-service/managed-cluster/agent-pool,br/public:avm/res/container-service/managed-cluster/agent-pool:X.Y.Z,46d3xbcp.res.consvc-mgdcluster-agentpool,JPEasier,Julian Peißker,,,,AVM Child Module for Azure Kubernetes Service (AKS) Managed Cluster - Agent Pool,Bulk-added child module,2026-05
Microsoft.ContainerService,managedClusters/maintenanceConfigurations,Azure Kubernetes Service (AKS) Managed Cluster - Maintenance Config,,avm/res/container-service/managed-cluster/maintenance-configuration,avm/res/container-service/managed-cluster,Available,https://github.com/Azure/bicep-registry-modules/tree/main/avm/res/container-service/managed-cluster/maintenance-configuration,br/public:avm/res/container-service/managed-cluster/maintenance-configuration:X.Y.Z,46d3xbcp.res.consvc-mgdcluster-maintenancecfg,JPEasier,Julian Peißker,,,,AVM Child Module for Azure Kubernetes Service (AKS) Managed Cluster - Maintenance Config,Bulk-added child module,2026-05
Microsoft.Dashboard,grafana,Azure Managed Grafana,,avm/res/dashboard/grafana,n/a,Proposed,https://github.com/Azure/bicep-registry-modules/tree/main/avm/res/dashboard/grafana,br/public:avm/res/dashboard/grafana:X.Y.Z,46d3xbcp.res.dashboard-grafana,vlahane,,,,,AVM Resource Module for Azure Managed Grafana,,
Microsoft.DataFactory,factories,Data Factory,,avm/res/data-factory/factory,n/a,Available,https://github.com/Azure/bicep-registry-modules/tree/main/avm/res/data-factory/factory,br/public:avm/res/data-factory/factory:X.Y.Z,46d3xbcp.res.datafactory-factory,TomazMlakar,Tomaz Mlakar,,,,AVM Resource Module for Data Factory,,2023-12
Microsoft.DataFactory,factories/integrationRuntimes,Data Factory - Integration Runtime,,avm/res/data-factory/factory/integration-runtime,avm/res/data-factory/factory,Available,https://github.com/Azure/bicep-registry-modules/tree/main/avm/res/data-factory/factory/integration-runtime,br/public:avm/res/data-factory/factory/integration-runtime:X.Y.Z,46d3xbcp.res.datafactory-factory-integrruntime,TomazMlakar,Tomaz Mlakar,,,,AVM Child Module for Data Factory - Integration Runtime,Bulk-added child module,2026-05
Microsoft.DataFactory,factories/linkedservices,Data Factory - Linked Service,,avm/res/data-factory/factory/linked-service,avm/res/data-factory/factory,Available,https://github.com/Azure/bicep-registry-modules/tree/main/avm/res/data-factory/factory/linked-service,br/public:avm/res/data-factory/factory/linked-service:X.Y.Z,46d3xbcp.res.datafactory-factory-linkedservice,TomazMlakar,Tomaz Mlakar,,,,AVM Child Module for Data Factory - Linked Service,Bulk-added child module,2026-05
Microsoft.DataFactory,factories/managedVirtualNetworks,Data Factory - Managed Virtual Network,,avm/res/data-factory/factory/managed-virtual-network,avm/res/data-factory/factory,Available,https://github.com/Azure/bicep-registry-modules/tree/main/avm/res/data-factory/factory/managed-virtual-network,br/public:avm/res/data-factory/factory/managed-virtual-network:X.Y.Z,46d3xbcp.res.datafactory-factory-managedvnet,TomazMlakar,Tomaz Mlakar,,,,AVM Child Module for Data Factory - Managed Virtual Network,Bulk-added child module,2026-05
Microsoft.DataFactory,factories/managedVirtualNetworks/managedPrivateEndpoints,Data Factory - Managed Virtual Network - Managed Private Endpoint,,avm/res/data-factory/factory/managed-virtual-network/managed-private-endpoint,avm/res/data-factory/factory,Available,https://github.com/Azure/bicep-registry-modules/tree/main/avm/res/data-factory/factory/managed-virtual-network/managed-private-endpoint,br/public:avm/res/data-factory/factory/managed-virtual-network/managed-private-endpoint:X.Y.Z,46d3xbcp.res.datafactory-factory-managedvnetmgdpe,TomazMlakar,Tomaz Mlakar,,,,AVM Child Module for Data Factory - Managed Virtual Network - Managed Private Endpoint,Bulk-added child module,2026-05
Microsoft.DataProtection,backupVaults,Data Protection Backup Vault,,avm/res/data-protection/backup-vault,n/a,Available,https://github.com/Azure/bicep-registry-modules/tree/main/avm/res/data-protection/backup-vault,br/public:avm/res/data-protection/backup-vault:X.Y.Z,46d3xbcp.res.dataprotection-backupvault,abhishekaryams,Abhishek Arya,,,,AVM Resource Module for Data Protection Backup Vault,,2024-01
Microsoft.Authorization,roleAssignments,Data Protection Backup Vault - Backup Instance,,avm/res/data-protection/backup-vault/backup-instance,avm/res/data-protection/backup-vault,Available,https://github.com/Azure/bicep-registry-modules/tree/main/avm/res/data-protection/backup-vault/backup-instance,br/public:avm/res/data-protection/backup-vault/backup-instance:X.Y.Z,46d3xbcp.res.dataprot-backupvault-backupinst,abhishekaryams,Abhishek Arya,,,,AVM Child Module for Data Protection Backup Vault - Backup Instance,Bulk-added child module,2026-04
Microsoft.DataProtection,backupVaults/backupPolicies,Data Protection Backup Vault - Backup Policy,,avm/res/data-protection/backup-vault/backup-policy,avm/res/data-protection/backup-vault,Available,https://github.com/Azure/bicep-registry-modules/tree/main/avm/res/data-protection/backup-vault/backup-policy,br/public:avm/res/data-protection/backup-vault/backup-policy:X.Y.Z,46d3xbcp.res.dataprot-backupvault-backuppolicy,abhishekaryams,Abhishek Arya,,,,AVM Child Module for Data Protection Backup Vault - Backup Policy,Bulk-added child module,2026-04
Microsoft.DataProtection,resourceGuards,Data Protection Resource Guard,,avm/res/data-protection/resource-guard,n/a,Proposed,https://github.com/Azure/bicep-registry-modules/tree/main/avm/res/data-protection/resource-guard,br/public:avm/res/data-protection/resource-guard:X.Y.Z,46d3xbcp.res.dataprotection-resourceguard,andyleejordan,Andy Jordan,,,,AVM Resource Module for Data Protection Resource Guard,,
Microsoft.Databricks,accessConnectors,Azure Databricks Access Connector,,avm/res/databricks/access-connector,n/a,Available,https://github.com/Azure/bicep-registry-modules/tree/main/avm/res/databricks/access-connector,br/public:avm/res/databricks/access-connector:X.Y.Z,46d3xbcp.res.databricks-accessconnector,abhishekaryams,Abhishek Arya,,,,AVM Resource Module for Azure Databricks Access Connector,,2024-01
Microsoft.Databricks,workspaces,Azure Databricks Workspace,,avm/res/databricks/workspace,n/a,Available,https://github.com/Azure/bicep-registry-modules/tree/main/avm/res/databricks/workspace,br/public:avm/res/databricks/workspace:X.Y.Z,46d3xbcp.res.databricks-workspace,abhishekaryams,Abhishek Arya,,,,AVM Resource Module for Azure Databricks Workspace,,2024-01
Microsoft.DBforMySQL,flexibleServers,DB for MySQL Flexible Server,,avm/res/db-for-my-sql/flexible-server,n/a,Available,https://github.com/Azure/bicep-registry-modules/tree/main/avm/res/db-for-my-sql/flexible-server,br/public:avm/res/db-for-my-sql/flexible-server:X.Y.Z,46d3xbcp.res.dbformysql-flexibleserver,abhishekaryams,Abhishek Arya,,,,AVM Resource Module for DB for MySQL Flexible Server,,2024-01
Microsoft.DBforMySQL,flexibleServers/administrators,DB for MySQL Flexible Server - Administrator,,avm/res/db-for-my-sql/flexible-server/administrator,avm/res/db-for-my-sql/flexible-server,Available,https://github.com/Azure/bicep-registry-modules/tree/main/avm/res/db-for-my-sql/flexible-server/administrator,br/public:avm/res/db-for-my-sql/flexible-server/administrator:X.Y.Z,46d3xbcp.res.dbformysql-flexisrv-administrator,abhishekaryams,Abhishek Arya,,,,AVM Child Module for DB for MySQL Flexible Server - Administrator,Bulk-added child module,2026-05
Microsoft.DBforMySQL,flexibleServers/advancedThreatProtectionSettings,DB for MySQL Flexible Server - Advanced Threat Protection,,avm/res/db-for-my-sql/flexible-server/advanced-threat-protection,avm/res/db-for-my-sql/flexible-server,Available,https://github.com/Azure/bicep-registry-modules/tree/main/avm/res/db-for-my-sql/flexible-server/advanced-threat-protection,br/public:avm/res/db-for-my-sql/flexible-server/advanced-threat-protection:X.Y.Z,46d3xbcp.res.dbformysql-flexisrv-advdthreatprot,abhishekaryams,Abhishek Arya,,,,AVM Child Module for DB for MySQL Flexible Server - Advanced Threat Protection,Bulk-added child module,2026-05
Microsoft.DBforMySQL,flexibleServers/configurations,DB for MySQL Flexible Server - Configuration,,avm/res/db-for-my-sql/flexible-server/configuration,avm/res/db-for-my-sql/flexible-server,Available,https://github.com/Azure/bicep-registry-modules/tree/main/avm/res/db-for-my-sql/flexible-server/configuration,br/public:avm/res/db-for-my-sql/flexible-server/configuration:X.Y.Z,46d3xbcp.res.dbformysql-flexisrv-configuration,abhishekaryams,Abhishek Arya,,,,AVM Child Module for DB for MySQL Flexible Server - Configuration,Bulk-added child module,2026-05
Microsoft.DBforMySQL,flexibleServers/databases,DB for MySQL Flexible Server - Database,,avm/res/db-for-my-sql/flexible-server/database,avm/res/db-for-my-sql/flexible-server,Available,https://github.com/Azure/bicep-registry-modules/tree/main/avm/res/db-for-my-sql/flexible-server/database,br/public:avm/res/db-for-my-sql/flexible-server/database:X.Y.Z,46d3xbcp.res.dbformysql-flexisrv-database,abhishekaryams,Abhishek Arya,,,,AVM Child Module for DB for MySQL Flexible Server - Database,Bulk-added child module,2026-05
Microsoft.DBforMySQL,flexibleServers/firewallRules,DB for MySQL Flexible Server - Firewall Rule,,avm/res/db-for-my-sql/flexible-server/firewall-rule,avm/res/db-for-my-sql/flexible-server,Available,https://github.com/Azure/bicep-registry-modules/tree/main/avm/res/db-for-my-sql/flexible-server/firewall-rule,br/public:avm/res/db-for-my-sql/flexible-server/firewall-rule:X.Y.Z,46d3xbcp.res.dbformysql-flexisrv-firewallrule,abhishekaryams,Abhishek Arya,,,,AVM Child Module for DB for MySQL Flexible Server - Firewall Rule,Bulk-added child module,2026-05
Microsoft.DBforPostgreSQL,flexibleServers,DB for Postgre SQL Flexible Server,,avm/res/db-for-postgre-sql/flexible-server,n/a,Available,https://github.com/Azure/bicep-registry-modules/tree/main/avm/res/db-for-postgre-sql/flexible-server,br/public:avm/res/db-for-postgre-sql/flexible-server:X.Y.Z,46d3xbcp.res.dbforpostgresql-flexibleserver,arnoldna,Nate Arnold,,,,AVM Resource Module for DB for Postgre SQL Flexible Server,,2023-11
Microsoft.DBforPostgreSQL,flexibleServers/administrators,DB for Postgre SQL Flexible Server - Administrator,,avm/res/db-for-postgre-sql/flexible-server/administrator,avm/res/db-for-postgre-sql/flexible-server,Available,https://github.com/Azure/bicep-registry-modules/tree/main/avm/res/db-for-postgre-sql/flexible-server/administrator,br/public:avm/res/db-for-postgre-sql/flexible-server/administrator:X.Y.Z,46d3xbcp.res.dbforpostgresql-flexisrv-admin,arnoldna,Nate Arnold,,,,AVM Child Module for DB for Postgre SQL Flexible Server - Administrator,Bulk-added child module,2026-04
Microsoft.DBforPostgreSQL,flexibleServers/advancedThreatProtectionSettings,DB for Postgre SQL Flexible Server - Adv Threat Protection Setting,,avm/res/db-for-postgre-sql/flexible-server/advanced-threat-protection-setting,avm/res/db-for-postgre-sql/flexible-server,Available,https://github.com/Azure/bicep-registry-modules/tree/main/avm/res/db-for-postgre-sql/flexible-server/advanced-threat-protection-setting,br/public:avm/res/db-for-postgre-sql/flexible-server/advanced-threat-protection-setting:X.Y.Z,46d3xbcp.res.dbforpostgresql-flexisrv-adthprotstg,arnoldna,Nate Arnold,,,,AVM Child Module for DB for Postgre SQL Flexible Server - Adv Threat Protection Setting,Bulk-added child module,2026-04
Microsoft.DBforPostgreSQL,flexibleServers/configurations,DB for Postgre SQL Flexible Server - Configuration,,avm/res/db-for-postgre-sql/flexible-server/configuration,avm/res/db-for-postgre-sql/flexible-server,Available,https://github.com/Azure/bicep-registry-modules/tree/main/avm/res/db-for-postgre-sql/flexible-server/configuration,br/public:avm/res/db-for-postgre-sql/flexible-server/configuration:X.Y.Z,46d3xbcp.res.dbforpostgresql-flexisrv-config,arnoldna,Nate Arnold,,,,AVM Child Module for DB for Postgre SQL Flexible Server - Configuration,Bulk-added child module,2026-04
Microsoft.DBforPostgreSQL,flexibleServers/databases,DB for Postgre SQL Flexible Server - Database,,avm/res/db-for-postgre-sql/flexible-server/database,avm/res/db-for-postgre-sql/flexible-server,Available,https://github.com/Azure/bicep-registry-modules/tree/main/avm/res/db-for-postgre-sql/flexible-server/database,br/public:avm/res/db-for-postgre-sql/flexible-server/database:X.Y.Z,46d3xbcp.res.dbforpostgresql-flexisrv-database,arnoldna,Nate Arnold,,,,AVM Child Module for DB for Postgre SQL Flexible Server - Database,Bulk-added child module,2026-04
Microsoft.DBforPostgreSQL,flexibleServers/firewallRules,DB for Postgre SQL Flexible Server - Firewall Rule,,avm/res/db-for-postgre-sql/flexible-server/firewall-rule,avm/res/db-for-postgre-sql/flexible-server,Available,https://github.com/Azure/bicep-registry-modules/tree/main/avm/res/db-for-postgre-sql/flexible-server/firewall-rule,br/public:avm/res/db-for-postgre-sql/flexible-server/firewall-rule:X.Y.Z,46d3xbcp.res.dbforpostgresql-flexisrv-fwrule,arnoldna,Nate Arnold,,,,AVM Child Module for DB for Postgre SQL Flexible Server - Firewall Rule,Bulk-added child module,2026-04
Microsoft.DesktopVirtualization,applicationGroups,Azure Virtual Desktop (AVD) Application Group,,avm/res/desktop-virtualization/application-group,n/a,Orphaned,https://github.com/Azure/bicep-registry-modules/tree/main/avm/res/desktop-virtualization/application-group,br/public:avm/res/desktop-virtualization/application-group:X.Y.Z,46d3xbcp.res.desktopvirtualization-appgroup,,,,,,AVM Resource Module for Azure Virtual Desktop (AVD) Application Group,,2024-02
Microsoft.DesktopVirtualization,applicationGroups/applications,Azure Virtual Desktop (AVD) Application Group - Application,,avm/res/desktop-virtualization/application-group/application,avm/res/desktop-virtualization/application-group,Orphaned,https://github.com/Azure/bicep-registry-modules/tree/main/avm/res/desktop-virtualization/application-group/application,br/public:avm/res/desktop-virtualization/application-group/application:X.Y.Z,46d3xbcp.res.desktopvirtualization-appgroup-app,,,,,,AVM Child Module for Azure Virtual Desktop (AVD) Application Group - Application,Bulk-added child module,2026-04
Microsoft.DesktopVirtualization,hostPools,Azure Virtual Desktop (AVD) Host Pool,,avm/res/desktop-virtualization/host-pool,n/a,Orphaned,https://github.com/Azure/bicep-registry-modules/tree/main/avm/res/desktop-virtualization/host-pool,br/public:avm/res/desktop-virtualization/host-pool:X.Y.Z,46d3xbcp.res.desktopvirtualization-hostpool,,,,,,AVM Resource Module for Azure Virtual Desktop (AVD) Host Pool,,2024-02
Microsoft.DesktopVirtualization,scalingPlans,Azure Virtual Desktop (AVD) Scaling Plan,,avm/res/desktop-virtualization/scaling-plan,n/a,Orphaned,https://github.com/Azure/bicep-registry-modules/tree/main/avm/res/desktop-virtualization/scaling-plan,br/public:avm/res/desktop-virtualization/scaling-plan:X.Y.Z,46d3xbcp.res.desktopvirtualization-scalingplan,,,,,,AVM Resource Module for Azure Virtual Desktop (AVD) Scaling Plan,,2024-02
Microsoft.DesktopVirtualization,workspaces,Azure Virtual Desktop (AVD) Workspace,,avm/res/desktop-virtualization/workspace,n/a,Available,https://github.com/Azure/bicep-registry-modules/tree/main/avm/res/desktop-virtualization/workspace,br/public:avm/res/desktop-virtualization/workspace:X.Y.Z,46d3xbcp.res.desktopvirtualization-workspace,reikor0x,Vincenzo Sciarra,,,,AVM Resource Module for Azure Virtual Desktop (AVD) Workspace,,2024-02
Microsoft.DevCenter,devcenters,Dev Center,,avm/res/dev-center/devcenter,n/a,Available,https://github.com/Azure/bicep-registry-modules/tree/main/avm/res/dev-center/devcenter,br/public:avm/res/dev-center/devcenter:X.Y.Z,46d3xbcp.res.devcenter-devcenter,lohithgn,Lohith,,,,AVM Resource Module for Dev Center,,2025-06
Microsoft.DevCenter,devcenters/attachednetworks,Dev Center - Attachednetwork,,avm/res/dev-center/devcenter/attachednetwork,avm/res/dev-center/devcenter,Available,https://github.com/Azure/bicep-registry-modules/tree/main/avm/res/dev-center/devcenter/attachednetwork,br/public:avm/res/dev-center/devcenter/attachednetwork:X.Y.Z,46d3xbcp.res.devcenter-devcenter-attachednetwork,lohithgn,Lohith,,,,AVM Child Module for Dev Center - Attachednetwork,Bulk-added child module,2026-05
Microsoft.DevCenter,devcenters/catalogs,Dev Center - Catalog,,avm/res/dev-center/devcenter/catalog,avm/res/dev-center/devcenter,Available,https://github.com/Azure/bicep-registry-modules/tree/main/avm/res/dev-center/devcenter/catalog,br/public:avm/res/dev-center/devcenter/catalog:X.Y.Z,46d3xbcp.res.devcenter-devcenter-catalog,lohithgn,Lohith,,,,AVM Child Module for Dev Center - Catalog,Bulk-added child module,2026-05
Microsoft.DevCenter,devcenters/devboxdefinitions,Dev Center - Devboxdefinition,,avm/res/dev-center/devcenter/devboxdefinition,avm/res/dev-center/devcenter,Available,https://github.com/Azure/bicep-registry-modules/tree/main/avm/res/dev-center/devcenter/devboxdefinition,br/public:avm/res/dev-center/devcenter/devboxdefinition:X.Y.Z,46d3xbcp.res.devcenter-devcenter-devboxdefinition,lohithgn,Lohith,,,,AVM Child Module for Dev Center - Devboxdefinition,Bulk-added child module,2026-05
Microsoft.DevCenter,devcenters/environmentTypes,Dev Center - Environment Type,,avm/res/dev-center/devcenter/environment-type,avm/res/dev-center/devcenter,Available,https://github.com/Azure/bicep-registry-modules/tree/main/avm/res/dev-center/devcenter/environment-type,br/public:avm/res/dev-center/devcenter/environment-type:X.Y.Z,46d3xbcp.res.devcenter-devcenter-environmenttype,lohithgn,Lohith,,,,AVM Child Module for Dev Center - Environment Type,Bulk-added child module,2026-05
Microsoft.DevCenter,devcenters/galleries,Dev Center - Gallery,,avm/res/dev-center/devcenter/gallery,avm/res/dev-center/devcenter,Available,https://github.com/Azure/bicep-registry-modules/tree/main/avm/res/dev-center/devcenter/gallery,br/public:avm/res/dev-center/devcenter/gallery:X.Y.Z,46d3xbcp.res.devcenter-devcenter-gallery,lohithgn,Lohith,,,,AVM Child Module for Dev Center - Gallery,Bulk-added child module,2026-05
Microsoft.DevCenter,devcenters/projectPolicies,Dev Center - Project Policy,,avm/res/dev-center/devcenter/project-policy,avm/res/dev-center/devcenter,Available,https://github.com/Azure/bicep-registry-modules/tree/main/avm/res/dev-center/devcenter/project-policy,br/public:avm/res/dev-center/devcenter/project-policy:X.Y.Z,46d3xbcp.res.devcenter-devcenter-projectpolicy,lohithgn,Lohith,,,,AVM Child Module for Dev Center - Project Policy,Bulk-added child module,2026-05
Microsoft.DevCenter,networkConnections,Dev Center Network Connection,,avm/res/dev-center/network-connection,n/a,Orphaned,https://github.com/Azure/bicep-registry-modules/tree/main/avm/res/dev-center/network-connection,br/public:avm/res/dev-center/network-connection:X.Y.Z,46d3xbcp.res.devcenter-networkconnection,,,,,,AVM Resource Module for Dev Center Network Connection,,2025-05
Microsoft.DevCenter,projects,Dev Center Project,,avm/res/dev-center/project,n/a,Orphaned,https://github.com/Azure/bicep-registry-modules/tree/main/avm/res/dev-center/project,br/public:avm/res/dev-center/project:X.Y.Z,46d3xbcp.res.devcenter-project,,,,,,AVM Resource Module for Dev Center Project,,2025-06
Microsoft.DevCenter,projects/catalogs,Dev Center Project - Catalog,,avm/res/dev-center/project/catalog,avm/res/dev-center/project,Orphaned,https://github.com/Azure/bicep-registry-modules/tree/main/avm/res/dev-center/project/catalog,br/public:avm/res/dev-center/project/catalog:X.Y.Z,46d3xbcp.res.devcenter-project-catalog,,,,,,AVM Child Module for Dev Center Project - Catalog,Bulk-added child module,2026-05
Microsoft.DevCenter,projects/environmentTypes,Dev Center Project - Environment Type,,avm/res/dev-center/project/environment-type,avm/res/dev-center/project,Orphaned,https://github.com/Azure/bicep-registry-modules/tree/main/avm/res/dev-center/project/environment-type,br/public:avm/res/dev-center/project/environment-type:X.Y.Z,46d3xbcp.res.devcenter-project-environmenttype,,,,,,AVM Child Module for Dev Center Project - Environment Type,Bulk-added child module,2026-05
Microsoft.DevCenter,projects/pools,Dev Center Project - Pool,,avm/res/dev-center/project/pool,avm/res/dev-center/project,Orphaned,https://github.com/Azure/bicep-registry-modules/tree/main/avm/res/dev-center/project/pool,br/public:avm/res/dev-center/project/pool:X.Y.Z,46d3xbcp.res.devcenter-project-pool,,,,,,AVM Child Module for Dev Center Project - Pool,Bulk-added child module,2026-05
Microsoft.DevCenter,projects/pools/schedules,Dev Center Project - Pool - Schedule,,avm/res/dev-center/project/pool/schedule,avm/res/dev-center/project,Orphaned,https://github.com/Azure/bicep-registry-modules/tree/main/avm/res/dev-center/project/pool/schedule,br/public:avm/res/dev-center/project/pool/schedule:X.Y.Z,46d3xbcp.res.devcenter-project-poolschedule,,,,,,AVM Child Module for Dev Center Project - Pool - Schedule,Bulk-added child module,2026-05
Microsoft.DevOpsInfrastructure,pools,DevOps Infrastructure Pool,,avm/res/dev-ops-infrastructure/pool,n/a,Available,https://github.com/Azure/bicep-registry-modules/tree/main/avm/res/dev-ops-infrastructure/pool,br/public:avm/res/dev-ops-infrastructure/pool:X.Y.Z,46d3xbcp.res.devopsinfrastructure-pool,elizatargithub7,,matebarabas,Máté Barabás,,AVM Resource Module for DevOps Infrastructure Pool,,2024-09
Microsoft.DevTestLab,labs,DevTest Lab,,avm/res/dev-test-lab/lab,n/a,Orphaned,https://github.com/Azure/bicep-registry-modules/tree/main/avm/res/dev-test-lab/lab,br/public:avm/res/dev-test-lab/lab:X.Y.Z,46d3xbcp.res.devtestlab-lab,,,,,,AVM Resource Module for DevTest Lab,,2024-02
Microsoft.DevTestLab,labs/artifactsources,DevTest Lab - Artifactsource,,avm/res/dev-test-lab/lab/artifactsource,avm/res/dev-test-lab/lab,Orphaned,https://github.com/Azure/bicep-registry-modules/tree/main/avm/res/dev-test-lab/lab/artifactsource,br/public:avm/res/dev-test-lab/lab/artifactsource:X.Y.Z,46d3xbcp.res.devtestlab-lab-artifactsource,,,,,,AVM Child Module for DevTest Lab - Artifactsource,Bulk-added child module,2026-05
Microsoft.DevTestLab,labs/costs,DevTest Lab - Cost,,avm/res/dev-test-lab/lab/cost,avm/res/dev-test-lab/lab,Orphaned,https://github.com/Azure/bicep-registry-modules/tree/main/avm/res/dev-test-lab/lab/cost,br/public:avm/res/dev-test-lab/lab/cost:X.Y.Z,46d3xbcp.res.devtestlab-lab-cost,,,,,,AVM Child Module for DevTest Lab - Cost,Bulk-added child module,2026-05
Microsoft.DevTestLab,labs/notificationchannels,DevTest Lab - Notificationchannel,,avm/res/dev-test-lab/lab/notificationchannel,avm/res/dev-test-lab/lab,Orphaned,https://github.com/Azure/bicep-registry-modules/tree/main/avm/res/dev-test-lab/lab/notificationchannel,br/public:avm/res/dev-test-lab/lab/notificationchannel:X.Y.Z,46d3xbcp.res.devtestlab-lab-notificationchannel,,,,,,AVM Child Module for DevTest Lab - Notificationchannel,Bulk-added child module,2026-05
Microsoft.DevTestLab,labs/policysets/policies,DevTest Lab - Policyset - Policy,,avm/res/dev-test-lab/lab/policyset/policy,avm/res/dev-test-lab/lab,Orphaned,https://github.com/Azure/bicep-registry-modules/tree/main/avm/res/dev-test-lab/lab/policyset/policy,br/public:avm/res/dev-test-lab/lab/policyset/policy:X.Y.Z,46d3xbcp.res.devtestlab-lab-policysetpolicy,,,,,,AVM Child Module for DevTest Lab - Policyset - Policy,Bulk-added child module,2026-05
Microsoft.DevTestLab,labs/schedules,DevTest Lab - Schedule,,avm/res/dev-test-lab/lab/schedule,avm/res/dev-test-lab/lab,Orphaned,https://github.com/Azure/bicep-registry-modules/tree/main/avm/res/dev-test-lab/lab/schedule,br/public:avm/res/dev-test-lab/lab/schedule:X.Y.Z,46d3xbcp.res.devtestlab-lab-schedule,,,,,,AVM Child Module for DevTest Lab - Schedule,Bulk-added child module,2026-05
Microsoft.DevTestLab,labs/secrets,DevTest Lab - Secret,,avm/res/dev-test-lab/lab/secret,avm/res/dev-test-lab/lab,Orphaned,https://github.com/Azure/bicep-registry-modules/tree/main/avm/res/dev-test-lab/lab/secret,br/public:avm/res/dev-test-lab/lab/secret:X.Y.Z,46d3xbcp.res.devtestlab-lab-secret,,,,,,AVM Child Module for DevTest Lab - Secret,Bulk-added child module,2026-05
Microsoft.DevTestLab,labs/virtualnetworks,DevTest Lab - Virtualnetwork,,avm/res/dev-test-lab/lab/virtualnetwork,avm/res/dev-test-lab/lab,Orphaned,https://github.com/Azure/bicep-registry-modules/tree/main/avm/res/dev-test-lab/lab/virtualnetwork,br/public:avm/res/dev-test-lab/lab/virtualnetwork:X.Y.Z,46d3xbcp.res.devtestlab-lab-virtualnetwork,,,,,,AVM Child Module for DevTest Lab - Virtualnetwork,Bulk-added child module,2026-05
Microsoft.Devices,IotHubs,IoT Hub,,avm/res/devices/iot-hub,n/a,Available,https://github.com/Azure/bicep-registry-modules/tree/main/avm/res/devices/iot-hub,br/public:avm/res/devices/iot-hub:X.Y.Z,46d3xbcp.res.devices-iothub,TomazMlakar,Tomaz Mlakar,,,,AVM Resource Module for IoT Hub,,2026-03
Microsoft.Devices,IotHubs/eventHubEndpoints/ConsumerGroups,IoT Hub Consumer Groups,,avm/res/devices/iot-hub/consumergroup,avm/res/devices/iot-hub,Proposed,https://github.com/Azure/bicep-registry-modules/tree/main/avm/res/devices/iot-hub/consumergroup,br/public:avm/res/devices/iot-hub/consumergroup:X.Y.Z,46d3xbcp.res.iot-hub-consumer-group,TomazMlakar,Tomaz Mlakar,,,,This module deploys an IoT Hub Consumer Group.,,
Microsoft.DigitalTwins,digitalTwinsInstances,Digital Twins Instance,,avm/res/digital-twins/digital-twins-instance,n/a,Available,https://github.com/Azure/bicep-registry-modules/tree/main/avm/res/digital-twins/digital-twins-instance,br/public:avm/res/digital-twins/digital-twins-instance:X.Y.Z,46d3xbcp.res.digitaltwins-digitaltwinsinstance,ryanmstephens,Ryan Stephens,,,,AVM Resource Module for Digital Twins Instance,,2024-03
Microsoft.DigitalTwins,digitalTwinsInstances/endpoints,Digital Twins Instance - Endpoint,,avm/res/digital-twins/digital-twins-instance/endpoint,avm/res/digital-twins/digital-twins-instance,Available,https://github.com/Azure/bicep-registry-modules/tree/main/avm/res/digital-twins/digital-twins-instance/endpoint,br/public:avm/res/digital-twins/digital-twins-instance/endpoint:X.Y.Z,46d3xbcp.res.digitaltwins-digitaltwinsinstance-en,ryanmstephens,Ryan Stephens,,,,AVM Child Module for Digital Twins Instance - Endpoint,Bulk-added child module,2026-05
Microsoft.DocumentDB,databaseAccounts,Cosmos DB Database Account,,avm/res/document-db/database-account,n/a,Available,https://github.com/Azure/bicep-registry-modules/tree/main/avm/res/document-db/database-account,br/public:avm/res/document-db/database-account:X.Y.Z,46d3xbcp.res.documentdb-databaseaccount,cmaneu,Christopher MANEU,,,,AVM Resource Module for Cosmos DB Database Account,,2023-12
Microsoft.DocumentDB,databaseAccounts/cassandraKeyspaces,Cosmos DB Database Account - Cassandra Keyspace,,avm/res/document-db/database-account/cassandra-keyspace,avm/res/document-db/database-account,Available,https://github.com/Azure/bicep-registry-modules/tree/main/avm/res/document-db/database-account/cassandra-keyspace,br/public:avm/res/document-db/database-account/cassandra-keyspace:X.Y.Z,46d3xbcp.res.doctdb-dbacct-cassandrkeyspace,cmaneu,Christopher MANEU,,,,AVM Child Module for Cosmos DB Database Account - Cassandra Keyspace,Bulk-added child module,2026-07
Microsoft.DocumentDB,databaseAccounts/cassandraKeyspaces/tables,Cosmos DB Database Account - Cassandra Keyspace - Table,,avm/res/document-db/database-account/cassandra-keyspace/table,avm/res/document-db/database-account,Available,https://github.com/Azure/bicep-registry-modules/tree/main/avm/res/document-db/database-account/cassandra-keyspace/table,br/public:avm/res/document-db/database-account/cassandra-keyspace/table:X.Y.Z,46d3xbcp.res.doctdb-dbacct-cassandrkeyspacetable,cmaneu,Christopher MANEU,,,,AVM Child Module for Cosmos DB Database Account - Cassandra Keyspace - Table,Bulk-added child module,2026-07
Microsoft.DocumentDB,databaseAccounts/cassandraKeyspaces/views,Cosmos DB Database Account - Cassandra Keyspace - View,,avm/res/document-db/database-account/cassandra-keyspace/view,avm/res/document-db/database-account,Available,https://github.com/Azure/bicep-registry-modules/tree/main/avm/res/document-db/database-account/cassandra-keyspace/view,br/public:avm/res/document-db/database-account/cassandra-keyspace/view:X.Y.Z,46d3xbcp.res.doctdb-dbacct-cassandrkeyspaceview,cmaneu,Christopher MANEU,,,,AVM Child Module for Cosmos DB Database Account - Cassandra Keyspace - View,Bulk-added child module,2026-07
Microsoft.DocumentDB,databaseAccounts/cassandraRoleAssignments,Cosmos DB Database Account - Cassandra Role Assignment,,avm/res/document-db/database-account/cassandra-role-assignment,avm/res/document-db/database-account,Available,https://github.com/Azure/bicep-registry-modules/tree/main/avm/res/document-db/database-account/cassandra-role-assignment,br/public:avm/res/document-db/database-account/cassandra-role-assignment:X.Y.Z,46d3xbcp.res.doctdb-dbacct-cassandrroleassignment,cmaneu,Christopher MANEU,,,,AVM Child Module for Cosmos DB Database Account - Cassandra Role Assignment,Bulk-added child module,2026-07
Microsoft.DocumentDB,databaseAccounts/cassandraRoleDefinitions,Cosmos DB Database Account - Cassandra Role Definition,,avm/res/document-db/database-account/cassandra-role-definition,avm/res/document-db/database-account,Available,https://github.com/Azure/bicep-registry-modules/tree/main/avm/res/document-db/database-account/cassandra-role-definition,br/public:avm/res/document-db/database-account/cassandra-role-definition:X.Y.Z,46d3xbcp.res.doctdb-dbacct-cassandrroledefinition,cmaneu,Christopher MANEU,,,,AVM Child Module for Cosmos DB Database Account - Cassandra Role Definition,Bulk-added child module,2026-07
Microsoft.DocumentDB,databaseAccounts/gremlinDatabases,Cosmos DB Database Account - Gremlin Database,,avm/res/document-db/database-account/gremlin-database,avm/res/document-db/database-account,Available,https://github.com/Azure/bicep-registry-modules/tree/main/avm/res/document-db/database-account/gremlin-database,br/public:avm/res/document-db/database-account/gremlin-database:X.Y.Z,46d3xbcp.res.doctdb-dbacct-gremlindb,cmaneu,Christopher MANEU,,,,AVM Child Module for Cosmos DB Database Account - Gremlin Database,Bulk-added child module,2026-07
Microsoft.DocumentDB,databaseAccounts/gremlinDatabases/graphs,Cosmos DB Database Account - Gremlin Database - Graph,,avm/res/document-db/database-account/gremlin-database/graph,avm/res/document-db/database-account,Available,https://github.com/Azure/bicep-registry-modules/tree/main/avm/res/document-db/database-account/gremlin-database/graph,br/public:avm/res/document-db/database-account/gremlin-database/graph:X.Y.Z,46d3xbcp.res.doctdb-dbacct-gremlindbgraph,cmaneu,Christopher MANEU,,,,AVM Child Module for Cosmos DB Database Account - Gremlin Database - Graph,Bulk-added child module,2026-07
Microsoft.DocumentDB,databaseAccounts/mongodbDatabases,Cosmos DB Database Account - Mongodb Database,,avm/res/document-db/database-account/mongodb-database,avm/res/document-db/database-account,Available,https://github.com/Azure/bicep-registry-modules/tree/main/avm/res/document-db/database-account/mongodb-database,br/public:avm/res/document-db/database-account/mongodb-database:X.Y.Z,46d3xbcp.res.doctdb-dbacct-mongodbdatabase,cmaneu,Christopher MANEU,,,,AVM Child Module for Cosmos DB Database Account - Mongodb Database,Bulk-added child module,2026-07
Microsoft.DocumentDB,databaseAccounts/mongodbDatabases/collections,Cosmos DB Database Account - Mongodb Database - Collection,,avm/res/document-db/database-account/mongodb-database/collection,avm/res/document-db/database-account,Available,https://github.com/Azure/bicep-registry-modules/tree/main/avm/res/document-db/database-account/mongodb-database/collection,br/public:avm/res/document-db/database-account/mongodb-database/collection:X.Y.Z,46d3xbcp.res.doctdb-dbacct-mongodbdbcollection,cmaneu,Christopher MANEU,,,,AVM Child Module for Cosmos DB Database Account - Mongodb Database - Collection,Bulk-added child module,2026-07
Microsoft.DocumentDB,databaseAccounts/sqlDatabases,Cosmos DB Database Account - SQL Database,,avm/res/document-db/database-account/sql-database,avm/res/document-db/database-account,Available,https://github.com/Azure/bicep-registry-modules/tree/main/avm/res/document-db/database-account/sql-database,br/public:avm/res/document-db/database-account/sql-database:X.Y.Z,46d3xbcp.res.documentdb-databaseaccountsqldb,cmaneu,Christopher MANEU,,,,AVM Child Module for Cosmos DB Database Account - SQL Database,,2026-07
Microsoft.DocumentDB,databaseAccounts/sqlDatabases/containers,Cosmos DB Database Account - Sql Database - Container,,avm/res/document-db/database-account/sql-database/container,avm/res/document-db/database-account,Available,https://github.com/Azure/bicep-registry-modules/tree/main/avm/res/document-db/database-account/sql-database/container,br/public:avm/res/document-db/database-account/sql-database/container:X.Y.Z,46d3xbcp.res.doctdb-dbacct-sqldbcontainer,cmaneu,Christopher MANEU,,,,AVM Child Module for Cosmos DB Database Account - Sql Database - Container,Bulk-added child module,2026-07
Microsoft.DocumentDB,databaseAccounts/sqlRoleAssignments,Cosmos DB - SQL Role Assignment,,avm/res/document-db/database-account/sql-role-assignment,avm/res/document-db/database-account,Available,https://github.com/Azure/bicep-registry-modules/tree/main/avm/res/document-db/database-account/sql-role-assignment,br/public:avm/res/document-db/database-account/sql-role-assignment:X.Y.Z,46d3xbcp.res.doctdb-dbacct-sqlroleassignment,cmaneu,Christopher MANEU,,,,AVM Child Module for Cosmos DB - SQL Role Assignment,,2025-09
Microsoft.DocumentDB,databaseAccounts/sqlRoleDefinitions,Cosmos DB - SQL Role Definition,,avm/res/document-db/database-account/sql-role-definition,avm/res/document-db/database-account,Available,https://github.com/Azure/bicep-registry-modules/tree/main/avm/res/document-db/database-account/sql-role-definition,br/public:avm/res/document-db/database-account/sql-role-definition:X.Y.Z,46d3xbcp.res.doctdb-dbacct-sqlroledefinition,cmaneu,Christopher MANEU,,,,AVM Child Module for Cosmos DB - SQL Role Definition,,2025-09
Microsoft.DocumentDB,databaseAccounts/tables,Cosmos DB Database Account - Table,,avm/res/document-db/database-account/table,avm/res/document-db/database-account,Available,https://github.com/Azure/bicep-registry-modules/tree/main/avm/res/document-db/database-account/table,br/public:avm/res/document-db/database-account/table:X.Y.Z,46d3xbcp.res.documentdb-databaseaccounttable,cmaneu,Christopher MANEU,,,,AVM Child Module for Cosmos DB Database Account - Table,,2026-07
Microsoft.DocumentDB,mongoClusters,Cosmos DB for MongoDB (vCore),,avm/res/document-db/mongo-cluster,n/a,Available,https://github.com/Azure/bicep-registry-modules/tree/main/avm/res/document-db/mongo-cluster,br/public:avm/res/document-db/mongo-cluster:X.Y.Z,46d3xbcp.res.documentdb-mongocluster,sinedied,Yohan Lasorsa,,,,AVM Resource Module for Cosmos DB for MongoDB (vCore),,2024-10
Microsoft.DocumentDB,mongoClusters/firewallRules,Cosmos DB for MongoDB (vCore) - Firewall Rule,,avm/res/document-db/mongo-cluster/firewall-rule,avm/res/document-db/mongo-cluster,Proposed,https://github.com/Azure/bicep-registry-modules/tree/main/avm/res/document-db/mongo-cluster/firewall-rule,br/public:avm/res/document-db/mongo-cluster/firewall-rule:X.Y.Z,46d3xbcp.res.documentdb-mongocluster-firewallrule,sinedied,Yohan Lasorsa,,,,AVM Child Module for Cosmos DB for MongoDB (vCore) - Firewall Rule,Bulk-added child module,
Microsoft.DocumentDB,mongoClusters/users,Cosmos DB for MongoDB (vCore) - User,,avm/res/document-db/mongo-cluster/user,avm/res/document-db/mongo-cluster,Proposed,https://github.com/Azure/bicep-registry-modules/tree/main/avm/res/document-db/mongo-cluster/user,br/public:avm/res/document-db/mongo-cluster/user:X.Y.Z,46d3xbcp.res.documentdb-mongocluster-user,sinedied,Yohan Lasorsa,,,,AVM Child Module for Cosmos DB for MongoDB (vCore) - User,Bulk-added child module,
Microsoft.DurableTask,schedulers,Durable Task Scheduler,,avm/res/durable-task/scheduler,n/a,Proposed,https://github.com/Azure/bicep-registry-modules/tree/main/avm/res/durable-task/scheduler,br/public:avm/res/durable-task/scheduler:X.Y.Z,46d3xbcp.res.durabletask-scheduler,greenie-msft,,,,,AVM Resource Module for Durable Task Scheduler,,
Microsoft.EdgeOrder,orderItems,Edge Order Item,,avm/res/edge-order/order-item,n/a,Proposed,https://github.com/Azure/bicep-registry-modules/tree/main/avm/res/edge-order/order-item,br/public:avm/res/edge-order/order-item:X.Y.Z,46d3xbcp.res.edgeorder-orderitem,chirag1603,,,,,AVM Resource Module for Edge Order Item,,
Microsoft.Edge,configurations,Edge Configuration,,avm/res/edge/configuration,n/a,Proposed,https://github.com/Azure/bicep-registry-modules/tree/main/avm/res/edge/configuration,br/public:avm/res/edge/configuration:X.Y.Z,46d3xbcp.res.edge-configuration,chirag1603,,,,,AVM Resource Module for Edge Configuration,,
Microsoft.Edge,sites,Edge Site,,avm/res/edge/site,n/a,Proposed,https://github.com/Azure/bicep-registry-modules/tree/main/avm/res/edge/site,br/public:avm/res/edge/site:X.Y.Z,46d3xbcp.res.edge-site,chirag1603,,bniranjanbhat,,,AVM Resource Module for Edge Site,,
Microsoft.Edge,sites,Edge Site - Resource Group Scope,,avm/res/edge/site/rg-scope,avm/res/edge/site,Available,https://github.com/Azure/bicep-registry-modules/tree/main/avm/res/edge/site/rg-scope,br/public:avm/res/edge/site/rg-scope:X.Y.Z,46d3xbcp.res.edge-site_rgscope,chirag1603,,bniranjanbhat,,,AVM Resource Module for Edge Site - Resource Group Scope,,2026-06
Microsoft.Edge,sites,Edge Site - Subscription Scope,,avm/res/edge/site/sub-scope,avm/res/edge/site,Available,https://github.com/Azure/bicep-registry-modules/tree/main/avm/res/edge/site/sub-scope,br/public:avm/res/edge/site/sub-scope:X.Y.Z,46d3xbcp.res.edge-site_subscope,chirag1603,,bniranjanbhat,,,AVM Resource Module for Edge Site - Subscription Scope,,2026-06
Microsoft.ElasticSan,elasticSans,Elastic SAN,"SAN, ESAN, Elastic SAN, Azure Elastic Storage Area Network, iSCSI, internet Small Computer Systems Interface",avm/res/elastic-san/elastic-san,n/a,Available,https://github.com/Azure/bicep-registry-modules/tree/main/avm/res/elastic-san/elastic-san,br/public:avm/res/elastic-san/elastic-san:X.Y.Z,46d3xbcp.res.elasticsan-elasticsan,jbinko,jbinko,,,,AVM Resource Module for Elastic SAN,,2024-12
Microsoft.ElasticSan,elasticSans/volumegroups,Elastic SAN - Volume Group,,avm/res/elastic-san/elastic-san/volume-group,avm/res/elastic-san/elastic-san,Available,https://github.com/Azure/bicep-registry-modules/tree/main/avm/res/elastic-san/elastic-san/volume-group,br/public:avm/res/elastic-san/elastic-san/volume-group:X.Y.Z,46d3xbcp.res.elsan-elsan-volumegroup,jbinko,jbinko,,,,AVM Child Module for Elastic SAN - Volume Group,Bulk-added child module,2026-05
Microsoft.ElasticSan,elasticSans/volumegroups/snapshots,Elastic SAN - Volume Group - Snapshot,,avm/res/elastic-san/elastic-san/volume-group/snapshot,avm/res/elastic-san/elastic-san,Available,https://github.com/Azure/bicep-registry-modules/tree/main/avm/res/elastic-san/elastic-san/volume-group/snapshot,br/public:avm/res/elastic-san/elastic-san/volume-group/snapshot:X.Y.Z,46d3xbcp.res.elsan-elsan-volumegroupsnapshot,jbinko,jbinko,,,,AVM Child Module for Elastic SAN - Volume Group - Snapshot,Bulk-added child module,2026-05
Microsoft.ElasticSan,elasticSans/volumegroups/volumes,Elastic SAN - Volume Group - Volume,,avm/res/elastic-san/elastic-san/volume-group/volume,avm/res/elastic-san/elastic-san,Available,https://github.com/Azure/bicep-registry-modules/tree/main/avm/res/elastic-san/elastic-san/volume-group/volume,br/public:avm/res/elastic-san/elastic-san/volume-group/volume:X.Y.Z,46d3xbcp.res.elsan-elsan-volumegroupvolume,jbinko,jbinko,,,,AVM Child Module for Elastic SAN - Volume Group - Volume,Bulk-added child module,2026-05
Microsoft.EventGrid,domains,Event Grid Domain,,avm/res/event-grid/domain,n/a,Available,https://github.com/Azure/bicep-registry-modules/tree/main/avm/res/event-grid/domain,br/public:avm/res/event-grid/domain:X.Y.Z,46d3xbcp.res.eventgrid-domain,fabmas,Fabio Masciotra,,,,AVM Resource Module for Event Grid Domain,,2023-11
Microsoft.EventGrid,domains/eventSubscriptions,Event Grid Domain - Event Subscription,,avm/res/event-grid/domain/event-subscription,avm/res/event-grid/domain,Available,https://github.com/Azure/bicep-registry-modules/tree/main/avm/res/event-grid/domain/event-subscription,br/public:avm/res/event-grid/domain/event-subscription:X.Y.Z,46d3xbcp.res.eventgrid-domain-eventsubscription,fabmas,Fabio Masciotra,,,,AVM Child Module for Event Grid Domain - Event Subscription,Bulk-added child module,2026-05
Microsoft.EventGrid,domains/topics,Event Grid Domain - Topic,,avm/res/event-grid/domain/topic,avm/res/event-grid/domain,Available,https://github.com/Azure/bicep-registry-modules/tree/main/avm/res/event-grid/domain/topic,br/public:avm/res/event-grid/domain/topic:X.Y.Z,46d3xbcp.res.eventgrid-domain-topic,fabmas,Fabio Masciotra,,,,AVM Child Module for Event Grid Domain - Topic,Bulk-added child module,2026-05
Microsoft.EventGrid,namespaces,Event Grid Namespace,,avm/res/event-grid/namespace,n/a,Available,https://github.com/Azure/bicep-registry-modules/tree/main/avm/res/event-grid/namespace,br/public:avm/res/event-grid/namespace:X.Y.Z,46d3xbcp.res.eventgrid-namespace,fabmas,Fabio Masciotra,,,,AVM Resource Module for Event Grid Namespace,,2024-03
Microsoft.EventGrid,namespaces/caCertificates,Event Grid Namespace - Ca Certificate,,avm/res/event-grid/namespace/ca-certificate,avm/res/event-grid/namespace,Available,https://github.com/Azure/bicep-registry-modules/tree/main/avm/res/event-grid/namespace/ca-certificate,br/public:avm/res/event-grid/namespace/ca-certificate:X.Y.Z,46d3xbcp.res.eventgrid-namespace-cacertificate,fabmas,Fabio Masciotra,,,,AVM Child Module for Event Grid Namespace - Ca Certificate,Bulk-added child module,2026-05
Microsoft.EventGrid,namespaces/clients,Event Grid Namespace - Client,,avm/res/event-grid/namespace/client,avm/res/event-grid/namespace,Available,https://github.com/Azure/bicep-registry-modules/tree/main/avm/res/event-grid/namespace/client,br/public:avm/res/event-grid/namespace/client:X.Y.Z,46d3xbcp.res.eventgrid-namespace-client,fabmas,Fabio Masciotra,,,,AVM Child Module for Event Grid Namespace - Client,Bulk-added child module,2026-05
Microsoft.EventGrid,namespaces/clientGroups,Event Grid Namespace - Client Group,,avm/res/event-grid/namespace/client-group,avm/res/event-grid/namespace,Available,https://github.com/Azure/bicep-registry-modules/tree/main/avm/res/event-grid/namespace/client-group,br/public:avm/res/event-grid/namespace/client-group:X.Y.Z,46d3xbcp.res.eventgrid-namespace-clientgroup,fabmas,Fabio Masciotra,,,,AVM Child Module for Event Grid Namespace - Client Group,Bulk-added child module,2026-05
Microsoft.EventGrid,namespaces/permissionBindings,Event Grid Namespace - Permission Binding,,avm/res/event-grid/namespace/permission-binding,avm/res/event-grid/namespace,Available,https://github.com/Azure/bicep-registry-modules/tree/main/avm/res/event-grid/namespace/permission-binding,br/public:avm/res/event-grid/namespace/permission-binding:X.Y.Z,46d3xbcp.res.eventgrid-namespace-permbinding,fabmas,Fabio Masciotra,,,,AVM Child Module for Event Grid Namespace - Permission Binding,Bulk-added child module,2026-05
Microsoft.EventGrid,namespaces/topics,Event Grid Namespace - Topic,,avm/res/event-grid/namespace/topic,avm/res/event-grid/namespace,Available,https://github.com/Azure/bicep-registry-modules/tree/main/avm/res/event-grid/namespace/topic,br/public:avm/res/event-grid/namespace/topic:X.Y.Z,46d3xbcp.res.eventgrid-namespace-topic,fabmas,Fabio Masciotra,,,,AVM Child Module for Event Grid Namespace - Topic,Bulk-added child module,2026-05
Microsoft.EventGrid,namespaces/topicSpaces,Event Grid Namespace - Topic Space,,avm/res/event-grid/namespace/topic-space,avm/res/event-grid/namespace,Available,https://github.com/Azure/bicep-registry-modules/tree/main/avm/res/event-grid/namespace/topic-space,br/public:avm/res/event-grid/namespace/topic-space:X.Y.Z,46d3xbcp.res.eventgrid-namespace-topicspace,fabmas,Fabio Masciotra,,,,AVM Child Module for Event Grid Namespace - Topic Space,Bulk-added child module,2026-05
Microsoft.EventGrid,namespaces/topics/eventSubscriptions,Event Grid Namespace - Topic - Event Subscription,,avm/res/event-grid/namespace/topic/event-subscription,avm/res/event-grid/namespace,Available,https://github.com/Azure/bicep-registry-modules/tree/main/avm/res/event-grid/namespace/topic/event-subscription,br/public:avm/res/event-grid/namespace/topic/event-subscription:X.Y.Z,46d3xbcp.res.eventgrid-namespace-topiceventsub,fabmas,Fabio Masciotra,,,,AVM Child Module for Event Grid Namespace - Topic - Event Subscription,Bulk-added child module,2026-05
Microsoft.EventGrid,systemTopics,Event Grid System Topic,,avm/res/event-grid/system-topic,n/a,Available,https://github.com/Azure/bicep-registry-modules/tree/main/avm/res/event-grid/system-topic,br/public:avm/res/event-grid/system-topic:X.Y.Z,46d3xbcp.res.eventgrid-systemtopic,fabmas,Fabio Masciotra,,,,AVM Resource Module for Event Grid System Topic,,2023-11
Microsoft.EventGrid,systemTopics/eventSubscriptions,Event Grid System Topic - Event Subscription,,avm/res/event-grid/system-topic/event-subscription,avm/res/event-grid/system-topic,Available,https://github.com/Azure/bicep-registry-modules/tree/main/avm/res/event-grid/system-topic/event-subscription,br/public:avm/res/event-grid/system-topic/event-subscription:X.Y.Z,46d3xbcp.res.eventgrid-systemtopic-eventsub,fabmas,Fabio Masciotra,,,,AVM Child Module for Event Grid System Topic - Event Subscription,Bulk-added child module,2026-05
Microsoft.EventGrid,topics,Event Grid Topic,,avm/res/event-grid/topic,n/a,Available,https://github.com/Azure/bicep-registry-modules/tree/main/avm/res/event-grid/topic,br/public:avm/res/event-grid/topic:X.Y.Z,46d3xbcp.res.eventgrid-topic,fabmas,Fabio Masciotra,,,,AVM Resource Module for Event Grid Topic,,2023-11
Microsoft.EventGrid,topics/eventSubscriptions,Event Grid Topic - Event Subscription,,avm/res/event-grid/topic/event-subscription,avm/res/event-grid/topic,Available,https://github.com/Azure/bicep-registry-modules/tree/main/avm/res/event-grid/topic/event-subscription,br/public:avm/res/event-grid/topic/event-subscription:X.Y.Z,46d3xbcp.res.eventgrid-topic-eventsub,fabmas,Fabio Masciotra,,,,AVM Child Module for Event Grid Topic - Event Subscription,Bulk-added child module,2026-05
Microsoft.EventHub,namespaces,Event Hub Namespace,,avm/res/event-hub/namespace,n/a,Available,https://github.com/Azure/bicep-registry-modules/tree/main/avm/res/event-hub/namespace,br/public:avm/res/event-hub/namespace:X.Y.Z,46d3xbcp.res.eventhub-namespace,abhishekaryams,Abhishek Arya,elanzel,elisa anzelmo,,AVM Resource Module for Event Hub Namespace,,2024-03
Microsoft.EventHub,namespaces/authorizationRules,Event Hub Namespace - Authorization Rule,,avm/res/event-hub/namespace/authorization-rule,avm/res/event-hub/namespace,Available,https://github.com/Azure/bicep-registry-modules/tree/main/avm/res/event-hub/namespace/authorization-rule,br/public:avm/res/event-hub/namespace/authorization-rule:X.Y.Z,46d3xbcp.res.eventhub-namespace-authorizationrule,abhishekaryams,Abhishek Arya,elanzel,elisa anzelmo,,AVM Child Module for Event Hub Namespace - Authorization Rule,Bulk-added child module,2026-04
Microsoft.EventHub,namespaces/disasterRecoveryConfigs,Event Hub Namespace - Disaster Recovery Config,,avm/res/event-hub/namespace/disaster-recovery-config,avm/res/event-hub/namespace,Available,https://github.com/Azure/bicep-registry-modules/tree/main/avm/res/event-hub/namespace/disaster-recovery-config,br/public:avm/res/event-hub/namespace/disaster-recovery-config:X.Y.Z,46d3xbcp.res.eventhub-namespace-drconfig,abhishekaryams,Abhishek Arya,elanzel,elisa anzelmo,,AVM Child Module for Event Hub Namespace - Disaster Recovery Config,Bulk-added child module,2026-04
Microsoft.EventHub,namespaces/eventhubs,Event Hub,,avm/res/event-hub/namespace/eventhub,avm/res/event-hub/namespace,Available,https://github.com/Azure/bicep-registry-modules/tree/main/avm/res/event-hub/namespace/eventhub,br/public:avm/res/event-hub/namespace/eventhub:X.Y.Z,46d3xbcp.res.eventhub-nseventhub,abhishekaryams,Abhishek Arya,elanzel,elisa anzelmo,,AVM Child Module for Event Hub,,2025-09
Microsoft.EventHub,namespaces/eventhubs/authorizationRules,Event Hub Namespace - Eventhub - Authorization Rule,,avm/res/event-hub/namespace/eventhub/authorization-rule,avm/res/event-hub/namespace,Available,https://github.com/Azure/bicep-registry-modules/tree/main/avm/res/event-hub/namespace/eventhub/authorization-rule,br/public:avm/res/event-hub/namespace/eventhub/authorization-rule:X.Y.Z,46d3xbcp.res.eventhub-namespace-eventhubauthrule,abhishekaryams,Abhishek Arya,elanzel,elisa anzelmo,,AVM Child Module for Event Hub Namespace - Eventhub - Authorization Rule,Bulk-added child module,2026-04
Microsoft.EventHub,namespaces/eventhubs/consumergroups,Event Hub Namespace - Eventhub - Consumergroup,,avm/res/event-hub/namespace/eventhub/consumergroup,avm/res/event-hub/namespace,Available,https://github.com/Azure/bicep-registry-modules/tree/main/avm/res/event-hub/namespace/eventhub/consumergroup,br/public:avm/res/event-hub/namespace/eventhub/consumergroup:X.Y.Z,46d3xbcp.res.eventhub-namespace-eventhubconsgrp,abhishekaryams,Abhishek Arya,elanzel,elisa anzelmo,,AVM Child Module for Event Hub Namespace - Eventhub - Consumergroup,Bulk-added child module,2026-04
Microsoft.EventHub,namespaces/networkRuleSets,Event Hub Namespace - Network Rule Set,,avm/res/event-hub/namespace/network-rule-set,avm/res/event-hub/namespace,Available,https://github.com/Azure/bicep-registry-modules/tree/main/avm/res/event-hub/namespace/network-rule-set,br/public:avm/res/event-hub/namespace/network-rule-set:X.Y.Z,46d3xbcp.res.eventhub-namespace-networkruleset,abhishekaryams,Abhishek Arya,elanzel,elisa anzelmo,,AVM Child Module for Event Hub Namespace - Network Rule Set,Bulk-added child module,2026-04
Microsoft.Fabric,capacities,Fabric,,avm/res/fabric/capacity,n/a,Available,https://github.com/Azure/bicep-registry-modules/tree/main/avm/res/fabric/capacity,br/public:avm/res/fabric/capacity:X.Y.Z,46d3xbcp.res.fabric-capacity,cmaneu,Christopher MANEU,,,,AVM Resource Module for Fabric,,2024-10
Microsoft.HealthBot,healthBots,Azure Health Bot,,avm/res/health-bot/health-bot,n/a,Available,https://github.com/Azure/bicep-registry-modules/tree/main/avm/res/health-bot/health-bot,br/public:avm/res/health-bot/health-bot:X.Y.Z,46d3xbcp.res.healthbot-healthbot,TomazMlakar,Tomaz Mlakar,segraef,Sebastian Gräf,,AVM Resource Module for Azure Health Bot,,2024-01
Microsoft.HealthcareApis,workspaces,Healthcare API Workspace,,avm/res/healthcare-apis/workspace,n/a,Available,https://github.com/Azure/bicep-registry-modules/tree/main/avm/res/healthcare-apis/workspace,br/public:avm/res/healthcare-apis/workspace:X.Y.Z,46d3xbcp.res.healthcareapis-workspace,krbar,Kris Baranek,,,,AVM Resource Module for Healthcare API Workspace,,2024-04
Microsoft.HealthcareApis,workspaces/dicomservices,Healthcare API Workspace - Dicomservice,,avm/res/healthcare-apis/workspace/dicomservice,avm/res/healthcare-apis/workspace,Available,https://github.com/Azure/bicep-registry-modules/tree/main/avm/res/healthcare-apis/workspace/dicomservice,br/public:avm/res/healthcare-apis/workspace/dicomservice:X.Y.Z,46d3xbcp.res.healthcapis-workspace-dicomservic,krbar,Kris Baranek,,,,AVM Child Module for Healthcare API Workspace - Dicomservice,Bulk-added child module,2026-04
Microsoft.HealthcareApis,workspaces/fhirservices,Healthcare API Workspace - Fhirservice,,avm/res/healthcare-apis/workspace/fhirservice,avm/res/healthcare-apis/workspace,Available,https://github.com/Azure/bicep-registry-modules/tree/main/avm/res/healthcare-apis/workspace/fhirservice,br/public:avm/res/healthcare-apis/workspace/fhirservice:X.Y.Z,46d3xbcp.res.healthcapis-workspace-fhirservice,krbar,Kris Baranek,,,,AVM Child Module for Healthcare API Workspace - Fhirservice,Bulk-added child module,2026-04
Microsoft.HealthcareApis,workspaces/iotconnectors,Healthcare API Workspace - Iotconnector,,avm/res/healthcare-apis/workspace/iotconnector,avm/res/healthcare-apis/workspace,Available,https://github.com/Azure/bicep-registry-modules/tree/main/avm/res/healthcare-apis/workspace/iotconnector,br/public:avm/res/healthcare-apis/workspace/iotconnector:X.Y.Z,46d3xbcp.res.healthcapis-workspace-iotconn,krbar,Kris Baranek,,,,AVM Child Module for Healthcare API Workspace - Iotconnector,Bulk-added child module,2026-04
Microsoft.HealthcareApis,workspaces/iotconnectors/fhirdestinations,Healthcare API Workspace - Iotconnector - Fhirdestination,,avm/res/healthcare-apis/workspace/iotconnector/fhirdestination,avm/res/healthcare-apis/workspace,Available,https://github.com/Azure/bicep-registry-modules/tree/main/avm/res/healthcare-apis/workspace/iotconnector/fhirdestination,br/public:avm/res/healthcare-apis/workspace/iotconnector/fhirdestination:X.Y.Z,46d3xbcp.res.healthcapis-workspace-iotconnfhirdst,krbar,Kris Baranek,,,,AVM Child Module for Healthcare API Workspace - Iotconnector - Fhirdestination,Bulk-added child module,2026-04
Microsoft.HybridCompute,gateways,Hybrid Compute Gateway,,avm/res/hybrid-compute/gateway,n/a,Available,https://github.com/Azure/bicep-registry-modules/tree/main/avm/res/hybrid-compute/gateway,br/public:avm/res/hybrid-compute/gateway:X.Y.Z,46d3xbcp.res.hybridcompute-gateway,chirag1603,,bniranjanbhat,,,AVM Resource Module for Hybrid Compute Gateway,,2025-02
Microsoft.HybridCompute,licenses,Hybrid Compute License,,avm/res/hybrid-compute/license,n/a,Available,https://github.com/Azure/bicep-registry-modules/tree/main/avm/res/hybrid-compute/license,br/public:avm/res/hybrid-compute/license:X.Y.Z,46d3xbcp.res.hybridcompute-license,chirag1603,,bniranjanbhat,,,AVM Resource Module for Hybrid Compute License,,2025-02
Microsoft.HybridCompute,machines,Hybrid Compute Machine,,avm/res/hybrid-compute/machine,n/a,Available,https://github.com/Azure/bicep-registry-modules/tree/main/avm/res/hybrid-compute/machine,br/public:avm/res/hybrid-compute/machine:X.Y.Z,46d3xbcp.res.hybridcompute-machine,chirag1603,,bniranjanbhat,,,AVM Resource Module for Hybrid Compute Machine,,2024-06
Microsoft.HybridCompute,machines/extensions,Hybrid Compute Machine - Extension,,avm/res/hybrid-compute/machine/extension,avm/res/hybrid-compute/machine,Available,https://github.com/Azure/bicep-registry-modules/tree/main/avm/res/hybrid-compute/machine/extension,br/public:avm/res/hybrid-compute/machine/extension:X.Y.Z,46d3xbcp.res.hybridcompute-machine-extension,chirag1603,,bniranjanbhat,,,AVM Child Module for Hybrid Compute Machine - Extension,Bulk-added child module,2026-05
Microsoft.HybridCompute,privateLinkScopes,Hybrid Compute Private Link Scope,,avm/res/hybrid-compute/private-link-scope,n/a,Proposed,https://github.com/Azure/bicep-registry-modules/tree/main/avm/res/hybrid-compute/private-link-scope,br/public:avm/res/hybrid-compute/private-link-scope:X.Y.Z,46d3xbcp.res.hybridcompute-privatelinkscope,chirag1603,,,,,AVM Resource Module for Hybrid Compute Private Link Scope,,
Microsoft.HybridCompute,settings,Hybrid Compute Setting,,avm/res/hybrid-compute/setting,n/a,Proposed,https://github.com/Azure/bicep-registry-modules/tree/main/avm/res/hybrid-compute/setting,br/public:avm/res/hybrid-compute/setting:X.Y.Z,46d3xbcp.res.hybridcompute-setting,chirag1603,,,,,AVM Resource Module for Hybrid Compute Setting,,
Microsoft.HybridContainerService,provisionedClusterInstances,Hybrid Container Service - Provisioned Cluster Instance,,avm/res/hybrid-container-service/provisioned-cluster-instance,n/a,Available,https://github.com/Azure/bicep-registry-modules/tree/main/avm/res/hybrid-container-service/provisioned-cluster-instance,br/public:avm/res/hybrid-container-service/provisioned-cluster-instance:X.Y.Z,46d3xbcp.res.hybcontsvc-provclustinst,chirag1603,,bniranjanbhat,,,AVM Resource Module for Hybrid Container Service - Provisioned Cluster Instance,,2025-03
Microsoft.Insights,actionGroups,Action Group,,avm/res/insights/action-group,n/a,Available,https://github.com/Azure/bicep-registry-modules/tree/main/avm/res/insights/action-group,br/public:avm/res/insights/action-group:X.Y.Z,46d3xbcp.res.insights-actiongroup,rahalan,Rainer Halanek,,,,AVM Resource Module for Action Group,,2023-11
Microsoft.Insights,activityLogAlerts,Activity Log Alert,,avm/res/insights/activity-log-alert,n/a,Available,https://github.com/Azure/bicep-registry-modules/tree/main/avm/res/insights/activity-log-alert,br/public:avm/res/insights/activity-log-alert:X.Y.Z,46d3xbcp.res.insights-activitylogalert,donk-msft,,,,,AVM Resource Module for Activity Log Alert,,2023-12
Microsoft.Insights,autoscalesettings,Insights - Auto Scale Setting,,avm/res/insights/autoscale-setting,n/a,Proposed,https://github.com/Azure/bicep-registry-modules/tree/main/avm/res/insights/autoscale-setting,br/public:avm/res/insights/autoscale-setting:X.Y.Z,46d3xbcp.res.insights-autoscalesetting,FallenHoot,Zach,,,,AVM Resource Module for Insights - Auto Scale Setting,,
Microsoft.Insights,components,Application Insight,,avm/res/insights/component,n/a,Available,https://github.com/Azure/bicep-registry-modules/tree/main/avm/res/insights/component,br/public:avm/res/insights/component:X.Y.Z,46d3xbcp.res.insights-component,krbar,Kris Baranek,,,,AVM Resource Module for Application Insight,,2023-11
Microsoft.Insights,components/linkedStorageAccounts,Application Insight - Linked Storage Account,,avm/res/insights/component/linked-storage-account,avm/res/insights/component,Available,https://github.com/Azure/bicep-registry-modules/tree/main/avm/res/insights/component/linked-storage-account,br/public:avm/res/insights/component/linked-storage-account:X.Y.Z,46d3xbcp.res.insights-component-linkedstoracct,krbar,Kris Baranek,,,,AVM Child Module for Application Insight - Linked Storage Account,Bulk-added child module,2026-05
Microsoft.Insights,dataCollectionEndpoints,Data Collection Endpoint,,avm/res/insights/data-collection-endpoint,n/a,Available,https://github.com/Azure/bicep-registry-modules/tree/main/avm/res/insights/data-collection-endpoint,br/public:avm/res/insights/data-collection-endpoint:X.Y.Z,46d3xbcp.res.insights-datacollectionendpoint,krbar,Kris Baranek,,,,AVM Resource Module for Data Collection Endpoint,,2023-12
Microsoft.Insights,dataCollectionRules,Data Collection Rule,DCR,avm/res/insights/data-collection-rule,n/a,Available,https://github.com/Azure/bicep-registry-modules/tree/main/avm/res/insights/data-collection-rule,br/public:avm/res/insights/data-collection-rule:X.Y.Z,46d3xbcp.res.insights-datacollectionrule,krbar,Kris Baranek,,,,AVM Resource Module for Data Collection Rule,,2023-12
Microsoft.Insights,diagnosticSettings,Diagnostic Setting,,avm/res/insights/diagnostic-setting,n/a,Available,https://github.com/Azure/bicep-registry-modules/tree/main/avm/res/insights/diagnostic-setting,br/public:avm/res/insights/diagnostic-setting:X.Y.Z,46d3xbcp.res.insights-diagnosticsetting,krbar,Kris Baranek,,,,AVM Resource Module for Diagnostic Setting,,2023-11
Microsoft.Insights,metricAlerts,Metric Alert,,avm/res/insights/metric-alert,n/a,Available,https://github.com/Azure/bicep-registry-modules/tree/main/avm/res/insights/metric-alert,br/public:avm/res/insights/metric-alert:X.Y.Z,46d3xbcp.res.insights-metricalert,kijunkang,Ki Jun Kang,,,,AVM Resource Module for Metric Alert,,2023-12
Microsoft.Insights,privateLinkScopes,Azure Monitor Private Link Scope,,avm/res/insights/private-link-scope,n/a,Orphaned,https://github.com/Azure/bicep-registry-modules/tree/main/avm/res/insights/private-link-scope,br/public:avm/res/insights/private-link-scope:X.Y.Z,46d3xbcp.res.insights-privatelinkscope,,,,,,AVM Resource Module for Azure Monitor Private Link Scope,,2024-02
Microsoft.Insights,privateLinkScopes/scopedResources,Azure Monitor Private Link Scope - Scoped Resource,,avm/res/insights/private-link-scope/scoped-resource,avm/res/insights/private-link-scope,Orphaned,https://github.com/Azure/bicep-registry-modules/tree/main/avm/res/insights/private-link-scope/scoped-resource,br/public:avm/res/insights/private-link-scope/scoped-resource:X.Y.Z,46d3xbcp.res.insights-privatelinkscope-scopedres,,,,,,AVM Child Module for Azure Monitor Private Link Scope - Scoped Resource,Bulk-added child module,2026-05
Microsoft.Insights,scheduledQueryRules,Scheduled Query Rule,,avm/res/insights/scheduled-query-rule,n/a,Available,https://github.com/Azure/bicep-registry-modules/tree/main/avm/res/insights/scheduled-query-rule,br/public:avm/res/insights/scheduled-query-rule:X.Y.Z,46d3xbcp.res.insights-scheduledqueryrule,abhishekaryams,Abhishek Arya,,,,AVM Resource Module for Scheduled Query Rule,,2023-12
Microsoft.Insights,webtests,Web Test,,avm/res/insights/webtest,n/a,Available,https://github.com/Azure/bicep-registry-modules/tree/main/avm/res/insights/webtest,br/public:avm/res/insights/webtest:X.Y.Z,46d3xbcp.res.insights-webtest,Jfolberth,,,,,AVM Resource Module for Web Test,,2023-12
Microsoft.IoTOperations,instances,IoT Operations Instance,,avm/res/iot-operations/instance,n/a,Proposed,https://github.com/Azure/bicep-registry-modules/tree/main/avm/res/iot-operations/instance,br/public:avm/res/iot-operations/instance:X.Y.Z,46d3xbcp.res.iotoperations-instance,agreaves-ms,Allen Greaves,,,,AVM Resource Module for IoT Operations Instance,,
Microsoft.KeyVault,managedHSMs,Managed Hsm,,avm/res/key-vault/managed-hsm,n/a,Proposed,https://github.com/Azure/bicep-registry-modules/tree/main/avm/res/key-vault/managed-hsm,br/public:avm/res/key-vault/managed-hsm:X.Y.Z,46d3xbcp.res.keyvault-managedhsm,ns-github-design,,,,,AVM Resource Module for Managed HSM,,
Microsoft.KeyVault,vaults,Key Vault,KV,avm/res/key-vault/vault,n/a,Available,https://github.com/Azure/bicep-registry-modules/tree/main/avm/res/key-vault/vault,br/public:avm/res/key-vault/vault:X.Y.Z,46d3xbcp.res.keyvault-vault,fblix,Felix Borst,,,,AVM Resource Module for Key Vault,,2023-11
Microsoft.KeyVault,vaults/accessPolicies,Key Vault - Access Policy,,avm/res/key-vault/vault/access-policy,avm/res/key-vault/vault,Available,https://github.com/Azure/bicep-registry-modules/tree/main/avm/res/key-vault/vault/access-policy,br/public:avm/res/key-vault/vault/access-policy:X.Y.Z,46d3xbcp.res.keyvault-accesspolicy,fblix,Felix Borst,,,,AVM Child Module for Key Vault - Access Policy,,2025-08
Microsoft.KeyVault,vaults/keys,Key Vault - Key,,avm/res/key-vault/vault/key,avm/res/key-vault/vault,Available,https://github.com/Azure/bicep-registry-modules/tree/main/avm/res/key-vault/vault/key,br/public:avm/res/key-vault/vault/key:X.Y.Z,46d3xbcp.res.keyvault-key,fblix,Felix Borst,,,,AVM Child Module for Key Vault - Key,,2025-08
Microsoft.KeyVault,vaults/secrets,Key Vault - Secret,,avm/res/key-vault/vault/secret,avm/res/key-vault/vault,Available,https://github.com/Azure/bicep-registry-modules/tree/main/avm/res/key-vault/vault/secret,br/public:avm/res/key-vault/vault/secret:X.Y.Z,46d3xbcp.res.keyvault-secret,fblix,Felix Borst,,,,AVM Child Module for Key Vault - Secret,,2025-08
Microsoft.KubernetesConfiguration,extensions,Kubernetes Configuration Extension,,avm/res/kubernetes-configuration/extension,n/a,Available,https://github.com/Azure/bicep-registry-modules/tree/main/avm/res/kubernetes-configuration/extension,br/public:avm/res/kubernetes-configuration/extension:X.Y.Z,46d3xbcp.res.kubernetesconfiguration-extension,JPEasier,Julian Peißker,,,,AVM Resource Module for Kubernetes Configuration Extension,,2023-11
Microsoft.KubernetesConfiguration,fluxConfigurations,Kubernetes Configuration Flux Configuration,,avm/res/kubernetes-configuration/flux-configuration,n/a,Available,https://github.com/Azure/bicep-registry-modules/tree/main/avm/res/kubernetes-configuration/flux-configuration,br/public:avm/res/kubernetes-configuration/flux-configuration:X.Y.Z,46d3xbcp.res.kubernetesconfiguration-fluxconfig,JPEasier,Julian Peißker,,,,AVM Resource Module for Kubernetes Configuration Flux Configuration,,2023-11
Microsoft.KubernetesRuntime,bgpPeers,Kubernetes Runtime BGP Peer,,avm/res/kubernetes-runtime/bpg-peer,n/a,Proposed,https://github.com/Azure/bicep-registry-modules/tree/main/avm/res/kubernetes-runtime/bpg-peer,br/public:avm/res/kubernetes-runtime/bpg-peer:X.Y.Z,46d3xbcp.res.kubernetesruntime-bgppeer,chirag1603,,,,,AVM Resource Module for Kubernetes Runtime BGP Peer,,
Microsoft.KubernetesRuntime,loadBalancers,Kubernetes Runtime Load Balancer,,avm/res/kubernetes-runtime/load-balancer,n/a,Available,https://github.com/Azure/bicep-registry-modules/tree/main/avm/res/kubernetes-runtime/load-balancer,br/public:avm/res/kubernetes-runtime/load-balancer:X.Y.Z,46d3xbcp.res.kubernetesruntime-loadbalancer,chirag1603,,bniranjanbhat,,,AVM Resource Module for Kubernetes Runtime Load Balancer,,2025-09
Microsoft.KubernetesRuntime,services,Kubernetes Runtime Service,,avm/res/kubernetes-runtime/service,n/a,Proposed,https://github.com/Azure/bicep-registry-modules/tree/main/avm/res/kubernetes-runtime/service,br/public:avm/res/kubernetes-runtime/service:X.Y.Z,46d3xbcp.res.kubernetesruntime-service,chirag1603,,,,,AVM Resource Module for Kubernetes Runtime Service,,
Microsoft.Kubernetes,connectedClusters,Kubernetes Connected Cluster,,avm/res/kubernetes/connected-cluster,n/a,Available,https://github.com/Azure/bicep-registry-modules/tree/main/avm/res/kubernetes/connected-cluster,br/public:avm/res/kubernetes/connected-cluster:X.Y.Z,46d3xbcp.res.kubernetes-connectedcluster,chirag1603,,bniranjanbhat,,,AVM Resource Module for Kubernetes Connected Cluster,,2025-03
Microsoft.Kusto,clusters,Azure Data Explorer (Kusto) cluster,,avm/res/kusto/cluster,n/a,Available,https://github.com/Azure/bicep-registry-modules/tree/main/avm/res/kusto/cluster,br/public:avm/res/kusto/cluster:X.Y.Z,46d3xbcp.res.kusto-cluster,oZakari,Zach Trocinski,,,,AVM Resource Module for Azure Data Explorer (Kusto) cluster,,2024-06
Microsoft.Kusto,clusters/databases,Azure Data Explorer (Kusto) cluster - Database,,avm/res/kusto/cluster/database,avm/res/kusto/cluster,Proposed,https://github.com/Azure/bicep-registry-modules/tree/main/avm/res/kusto/cluster/database,br/public:avm/res/kusto/cluster/database:X.Y.Z,46d3xbcp.res.kusto-cluster-database,oZakari,Zach Trocinski,,,,AVM Child Module for Azure Data Explorer (Kusto) cluster - Database,Bulk-added child module,
Microsoft.Kusto,clusters/databases/principalAssignments,Azure Data Explorer (Kusto) cluster - Database - Principal Assignment,,avm/res/kusto/cluster/database/principal-assignment,avm/res/kusto/cluster,Proposed,https://github.com/Azure/bicep-registry-modules/tree/main/avm/res/kusto/cluster/database/principal-assignment,br/public:avm/res/kusto/cluster/database/principal-assignment:X.Y.Z,46d3xbcp.res.kusto-cluster-dbprinassignment,oZakari,Zach Trocinski,,,,AVM Child Module for Azure Data Explorer (Kusto) cluster - Database - Principal Assignment,Bulk-added child module,
Microsoft.Kusto,clusters/principalAssignments,Azure Data Explorer (Kusto) cluster - Principal Assignment,,avm/res/kusto/cluster/principal-assignment,avm/res/kusto/cluster,Proposed,https://github.com/Azure/bicep-registry-modules/tree/main/avm/res/kusto/cluster/principal-assignment,br/public:avm/res/kusto/cluster/principal-assignment:X.Y.Z,46d3xbcp.res.kusto-cluster-principalassignment,oZakari,Zach Trocinski,,,,AVM Child Module for Azure Data Explorer (Kusto) cluster - Principal Assignment,Bulk-added child module,
Microsoft.LoadTestService,loadTests,Load Testing Service,,avm/res/load-test-service/load-test,n/a,Available,https://github.com/Azure/bicep-registry-modules/tree/main/avm/res/load-test-service/load-test,br/public:avm/res/load-test-service/load-test:X.Y.Z,46d3xbcp.res.loadtestservice-loadtest,sebassem,Seif Bassem,,,,AVM Resource Module for Load Testing Service,,2024-04
Microsoft.Logic,integrationAccounts,Logic Apps Integration Account,,avm/res/logic/integration-account,n/a,Available,https://github.com/Azure/bicep-registry-modules/tree/main/avm/res/logic/integration-account,br/public:avm/res/logic/integration-account:X.Y.Z,46d3xbcp.res.logic-integrationaccount,lsnoddy,Luke Snoddy,,,,AVM Resource Module for Logic Apps Integration Account,,2026-01
Microsoft.Logic,integrationAccounts/agreements,Logic Apps Integration Account - Agreement,,avm/res/logic/integration-account/agreement,avm/res/logic/integration-account,Available,https://github.com/Azure/bicep-registry-modules/tree/main/avm/res/logic/integration-account/agreement,br/public:avm/res/logic/integration-account/agreement:X.Y.Z,46d3xbcp.res.logic-integrationaccount-agreement,lsnoddy,Luke Snoddy,,,,AVM Child Module for Logic Apps Integration Account - Agreement,Bulk-added child module,2026-05
Microsoft.Logic,integrationAccounts/assemblies,Logic Apps Integration Account - Assembly,,avm/res/logic/integration-account/assembly,avm/res/logic/integration-account,Available,https://github.com/Azure/bicep-registry-modules/tree/main/avm/res/logic/integration-account/assembly,br/public:avm/res/logic/integration-account/assembly:X.Y.Z,46d3xbcp.res.logic-integrationaccount-assembly,lsnoddy,Luke Snoddy,,,,AVM Child Module for Logic Apps Integration Account - Assembly,Bulk-added child module,2026-05
Microsoft.Logic,integrationAccounts/certificates,Logic Apps Integration Account - Certificate,,avm/res/logic/integration-account/certificate,avm/res/logic/integration-account,Available,https://github.com/Azure/bicep-registry-modules/tree/main/avm/res/logic/integration-account/certificate,br/public:avm/res/logic/integration-account/certificate:X.Y.Z,46d3xbcp.res.logic-integrationaccount-certificate,lsnoddy,Luke Snoddy,,,,AVM Child Module for Logic Apps Integration Account - Certificate,Bulk-added child module,2026-05
Microsoft.Logic,integrationAccounts/maps,Logic Apps Integration Account - Map,,avm/res/logic/integration-account/map,avm/res/logic/integration-account,Available,https://github.com/Azure/bicep-registry-modules/tree/main/avm/res/logic/integration-account/map,br/public:avm/res/logic/integration-account/map:X.Y.Z,46d3xbcp.res.logic-integrationaccount-map,lsnoddy,Luke Snoddy,,,,AVM Child Module for Logic Apps Integration Account - Map,Bulk-added child module,2026-05
Microsoft.Logic,integrationAccounts/partners,Logic Apps Integration Account - Partner,,avm/res/logic/integration-account/partner,avm/res/logic/integration-account,Available,https://github.com/Azure/bicep-registry-modules/tree/main/avm/res/logic/integration-account/partner,br/public:avm/res/logic/integration-account/partner:X.Y.Z,46d3xbcp.res.logic-integrationaccount-partner,lsnoddy,Luke Snoddy,,,,AVM Child Module for Logic Apps Integration Account - Partner,Bulk-added child module,2026-05
Microsoft.Logic,integrationAccounts/schemas,Logic Apps Integration Account - Schema,,avm/res/logic/integration-account/schema,avm/res/logic/integration-account,Available,https://github.com/Azure/bicep-registry-modules/tree/main/avm/res/logic/integration-account/schema,br/public:avm/res/logic/integration-account/schema:X.Y.Z,46d3xbcp.res.logic-integrationaccount-schema,lsnoddy,Luke Snoddy,,,,AVM Child Module for Logic Apps Integration Account - Schema,Bulk-added child module,2026-05
Microsoft.Logic,workflows,Logic Apps Workflow,,avm/res/logic/workflow,n/a,Available,https://github.com/Azure/bicep-registry-modules/tree/main/avm/res/logic/workflow,br/public:avm/res/logic/workflow:X.Y.Z,46d3xbcp.res.logic-workflow,lsnoddy,Luke Snoddy,,,,AVM Resource Module for Logic Apps Workflow,,2023-11
Microsoft.MachineLearningServices,registries,Machine Learning Services Registry,,avm/res/machine-learning-services/registry,n/a,Available,https://github.com/Azure/bicep-registry-modules/tree/main/avm/res/machine-learning-services/registry,br/public:avm/res/machine-learning-services/registry:X.Y.Z,46d3xbcp.res.machinelearningservices-registry,josunefon,Jordi Suñé,,,,AVM Resource Module for Machine Learning Services Registry,,2025-06
Microsoft.MachineLearningServices,workspaces,Machine Learning Services Workspace,ML Workspace,avm/res/machine-learning-services/workspace,n/a,Available,https://github.com/Azure/bicep-registry-modules/tree/main/avm/res/machine-learning-services/workspace,br/public:avm/res/machine-learning-services/workspace:X.Y.Z,46d3xbcp.res.machinelearningservices-workspace,cecheta,Chinedum Echeta,ross-p-smith,Ross Smith,,AVM Resource Module for Machine Learning Services Workspace,,2024-02
Microsoft.MachineLearningServices,workspaces/computes,Machine Learning Services Workspace - Compute,,avm/res/machine-learning-services/workspace/compute,avm/res/machine-learning-services/workspace,Available,https://github.com/Azure/bicep-registry-modules/tree/main/avm/res/machine-learning-services/workspace/compute,br/public:avm/res/machine-learning-services/workspace/compute:X.Y.Z,46d3xbcp.res.mlservices-workspace-compute,cecheta,Chinedum Echeta,ross-p-smith,Ross Smith,,AVM Child Module for Machine Learning Services Workspace - Compute,Bulk-added child module,2026-05
Microsoft.MachineLearningServices,workspaces/connections,Machine Learning Services Workspace - Connection,,avm/res/machine-learning-services/workspace/connection,avm/res/machine-learning-services/workspace,Available,https://github.com/Azure/bicep-registry-modules/tree/main/avm/res/machine-learning-services/workspace/connection,br/public:avm/res/machine-learning-services/workspace/connection:X.Y.Z,46d3xbcp.res.mlservices-workspace-connection,cecheta,Chinedum Echeta,ross-p-smith,Ross Smith,,AVM Child Module for Machine Learning Services Workspace - Connection,Bulk-added child module,2026-05
Microsoft.MachineLearningServices,workspaces/datastores,Machine Learning Services Workspace - Datastore,,avm/res/machine-learning-services/workspace/datastore,avm/res/machine-learning-services/workspace,Available,https://github.com/Azure/bicep-registry-modules/tree/main/avm/res/machine-learning-services/workspace/datastore,br/public:avm/res/machine-learning-services/workspace/datastore:X.Y.Z,46d3xbcp.res.mlservices-workspace-datastore,cecheta,Chinedum Echeta,ross-p-smith,Ross Smith,,AVM Child Module for Machine Learning Services Workspace - Datastore,Bulk-added child module,2026-05
Microsoft.Maintenance,configurationAssignments,Maintenance Configuration Assignment,,avm/res/maintenance/configuration-assignment,n/a,Available,https://github.com/Azure/bicep-registry-modules/tree/main/avm/res/maintenance/configuration-assignment,br/public:avm/res/maintenance/configuration-assignment:X.Y.Z,46d3xbcp.res.maintenance-configurationassignment,eriqua,Erika Gressi,,,,AVM Resource Module for Maintenance Configuration Assignment,,2025-03
Microsoft.Maintenance,maintenanceConfigurations,Maintenance Configuration,,avm/res/maintenance/maintenance-configuration,n/a,Available,https://github.com/Azure/bicep-registry-modules/tree/main/avm/res/maintenance/maintenance-configuration,br/public:avm/res/maintenance/maintenance-configuration:X.Y.Z,46d3xbcp.res.maintenance-maintenanceconfiguration,arievanderwende,Arie,,,,AVM Resource Module for Maintenance Configuration,,2023-12
Microsoft.ManagedIdentity,userAssignedIdentities,User Assigned Identity,MSI,avm/res/managed-identity/user-assigned-identity,n/a,Available,https://github.com/Azure/bicep-registry-modules/tree/main/avm/res/managed-identity/user-assigned-identity,br/public:avm/res/managed-identity/user-assigned-identity:X.Y.Z,46d3xbcp.res.managedidentity-userassignedidentity,gpacetti,,,,,AVM Resource Module for User Assigned Identity,,2023-12
Microsoft.ManagedIdentity,userAssignedIdentities/federatedIdentityCredentials,User Assigned Identity - Federated Identity Credential,,avm/res/managed-identity/user-assigned-identity/federated-identity-credential,avm/res/managed-identity/user-assigned-identity,Available,https://github.com/Azure/bicep-registry-modules/tree/main/avm/res/managed-identity/user-assigned-identity/federated-identity-credential,br/public:avm/res/managed-identity/user-assigned-identity/federated-identity-credential:X.Y.Z,46d3xbcp.res.managedid-userassignedidcredential,gpacetti,,,,,AVM Child Module for User Assigned Identity - Federated Identity Credential,Bulk-added child module,2026-05
Microsoft.ManagedServices,registrationDefinitions,Registration Definition (Lighthouse),,avm/res/managed-services/registration-definition,n/a,Available,https://github.com/Azure/bicep-registry-modules/tree/main/avm/res/managed-services/registration-definition,br/public:avm/res/managed-services/registration-definition:X.Y.Z,46d3xbcp.res.managedservices-registrationdef,segraef,Sebastian Gräf,,,,AVM Resource Module for Registration Definition (Lighthouse),,2024-04
Microsoft.Management,managementGroups,Management Group,MG,avm/res/management/management-group,n/a,Available,https://github.com/Azure/bicep-registry-modules/tree/main/avm/res/management/management-group,br/public:avm/res/management/management-group:X.Y.Z,46d3xbcp.res.management-managementgroup,fblix,Felix Borst,,,,AVM Resource Module for Management Group,,2024-02
Microsoft.Management,serviceGroups,Service Group,,avm/res/management/service-group,n/a,Available,https://github.com/Azure/bicep-registry-modules/tree/main/avm/res/management/service-group,br/public:avm/res/management/service-group:X.Y.Z,46d3xbcp.res.management-servicegroup,jtracey93,Jack Tracey,,,,AVM Resource Module for Service Group,,2025-09
Microsoft.Maps,accounts,Azure Maps Account,,avm/res/maps/account,n/a,Available,https://github.com/Azure/bicep-registry-modules/tree/main/avm/res/maps/account,br/public:avm/res/maps/account:X.Y.Z,46d3xbcp.res.maps-account,jhueppauff,Julian Hüppauff,,,,AVM Resource Module for Azure Maps Account,,2025-03
Microsoft.Mission,approvals,Azure Virtual Enclaves - Approval,,avm/res/mission/approval,n/a,Proposed,https://github.com/Azure/bicep-registry-modules/tree/main/avm/res/mission/approval,br/public:avm/res/mission/approval:X.Y.Z,46d3xbcp.res.mission-approval,SvenAelterman,Sven Aelterman,,,,AVM Resource Module for Azure Virtual Enclaves - Approval,,
Microsoft.Mission,communities,Azure Virtual Enclaves - Community,,avm/res/mission/community,n/a,Proposed,https://github.com/Azure/bicep-registry-modules/tree/main/avm/res/mission/community,br/public:avm/res/mission/community:X.Y.Z,46d3xbcp.res.mission-community,SvenAelterman,Sven Aelterman,,,,AVM Resource Module for Azure Virtual Enclaves - Community,,
Microsoft.Mission,enclaveConnections,Azure Virtual Enclaves - Virtual Enclave Connection,,avm/res/mission/enclave-connection,n/a,Proposed,https://github.com/Azure/bicep-registry-modules/tree/main/avm/res/mission/enclave-connection,br/public:avm/res/mission/enclave-connection:X.Y.Z,46d3xbcp.res.mission-enclaveconnection,SvenAelterman,Sven Aelterman,,,,AVM Resource Module for Azure Virtual Enclaves - Virtual Enclave Connection,,
Microsoft.Mission,virtualEnclaves,Azure Virtual Enclaves - Virtual Enclave,,avm/res/mission/virtual-enclave,n/a,Proposed,https://github.com/Azure/bicep-registry-modules/tree/main/avm/res/mission/virtual-enclave,br/public:avm/res/mission/virtual-enclave:X.Y.Z,46d3xbcp.res.mission-virtualenclave,SvenAelterman,Sven Aelterman,,,,AVM Resource Module for Azure Virtual Enclaves - Virtual Enclave,,
Microsoft.NetApp,netAppAccounts,Azure NetApp File,,avm/res/net-app/net-app-account,n/a,Available,https://github.com/Azure/bicep-registry-modules/tree/main/avm/res/net-app/net-app-account,br/public:avm/res/net-app/net-app-account:X.Y.Z,46d3xbcp.res.netapp-netappaccount,fbinotto,Felipe Binotto,,,,AVM Resource Module for Azure NetApp File,,2024-01
Microsoft.NetApp,netAppAccounts/backupPolicies,Azure NetApp File - Backup Policy,,avm/res/net-app/net-app-account/backup-policy,avm/res/net-app/net-app-account,Available,https://github.com/Azure/bicep-registry-modules/tree/main/avm/res/net-app/net-app-account/backup-policy,br/public:avm/res/net-app/net-app-account/backup-policy:X.Y.Z,46d3xbcp.res.netapp-netappaccount-backuppolicy,fbinotto,Felipe Binotto,,,,AVM Child Module for Azure NetApp File - Backup Policy,Bulk-added child module,2026-05
Microsoft.NetApp,netAppAccounts/backupVaults,Azure NetApp File - Backup Vault,,avm/res/net-app/net-app-account/backup-vault,avm/res/net-app/net-app-account,Available,https://github.com/Azure/bicep-registry-modules/tree/main/avm/res/net-app/net-app-account/backup-vault,br/public:avm/res/net-app/net-app-account/backup-vault:X.Y.Z,46d3xbcp.res.netapp-netappaccount-backupvault,fbinotto,Felipe Binotto,,,,AVM Child Module for Azure NetApp File - Backup Vault,Bulk-added child module,2026-05
Microsoft.NetApp,netAppAccounts/backupVaults/backups,Azure NetApp File - Backup Vault - Backup,,avm/res/net-app/net-app-account/backup-vault/backup,avm/res/net-app/net-app-account,Available,https://github.com/Azure/bicep-registry-modules/tree/main/avm/res/net-app/net-app-account/backup-vault/backup,br/public:avm/res/net-app/net-app-account/backup-vault/backup:X.Y.Z,46d3xbcp.res.netapp-netappaccount-backupvaultbckp,fbinotto,Felipe Binotto,,,,AVM Child Module for Azure NetApp File - Backup Vault - Backup,Bulk-added child module,2026-05
Microsoft.NetApp,netAppAccounts/capacityPools,Azure NetApp File - Capacity Pool,,avm/res/net-app/net-app-account/capacity-pool,avm/res/net-app/net-app-account,Available,https://github.com/Azure/bicep-registry-modules/tree/main/avm/res/net-app/net-app-account/capacity-pool,br/public:avm/res/net-app/net-app-account/capacity-pool:X.Y.Z,46d3xbcp.res.netapp-netappaccount-capacitypool,fbinotto,Felipe Binotto,,,,AVM Child Module for Azure NetApp File - Capacity Pool,Bulk-added child module,2026-05
Microsoft.NetApp,netAppAccounts/capacityPools/volumes,Azure NetApp File - Capacity Pool - Volume,,avm/res/net-app/net-app-account/capacity-pool/volume,avm/res/net-app/net-app-account,Available,https://github.com/Azure/bicep-registry-modules/tree/main/avm/res/net-app/net-app-account/capacity-pool/volume,br/public:avm/res/net-app/net-app-account/capacity-pool/volume:X.Y.Z,46d3xbcp.res.netapp-netappaccount-capacitypoolvol,fbinotto,Felipe Binotto,,,,AVM Child Module for Azure NetApp File - Capacity Pool - Volume,Bulk-added child module,2026-05
Microsoft.NetApp,netAppAccounts/snapshotPolicies,Azure NetApp File - Snapshot Policy,,avm/res/net-app/net-app-account/snapshot-policy,avm/res/net-app/net-app-account,Available,https://github.com/Azure/bicep-registry-modules/tree/main/avm/res/net-app/net-app-account/snapshot-policy,br/public:avm/res/net-app/net-app-account/snapshot-policy:X.Y.Z,46d3xbcp.res.netapp-netappaccount-snapshotpolicy,fbinotto,Felipe Binotto,,,,AVM Child Module for Azure NetApp File - Snapshot Policy,Bulk-added child module,2026-05
Microsoft.Network,applicationGateways,Application Gateway,App GW,avm/res/network/application-gateway,n/a,Available,https://github.com/Azure/bicep-registry-modules/tree/main/avm/res/network/application-gateway,br/public:avm/res/network/application-gateway:X.Y.Z,46d3xbcp.res.network-appgw,toddbeauchemin,Todd Beauchemin,,,,AVM Resource Module for Application Gateway,,2024-04
Microsoft.Network,ApplicationGatewayWebApplicationFirewallPolicies,Application Gateway Web Application Firewall (WAF) Policy,,avm/res/network/application-gateway-web-application-firewall-policy,n/a,Available,https://github.com/Azure/bicep-registry-modules/tree/main/avm/res/network/application-gateway-web-application-firewall-policy,br/public:avm/res/network/application-gateway-web-application-firewall-policy:X.Y.Z,46d3xbcp.res.network-appgwwebappfirewallpolicy,toddbeauchemin,Todd Beauchemin,,,,AVM Resource Module for Application Gateway Web Application Firewall (WAF) Policy,,2024-04
Microsoft.Network,applicationSecurityGroups,Application Security Group (ASG),ASG,avm/res/network/application-security-group,n/a,Available,https://github.com/Azure/bicep-registry-modules/tree/main/avm/res/network/application-security-group,br/public:avm/res/network/application-security-group:X.Y.Z,46d3xbcp.res.network-applicationsecuritygroup,segraef,Sebastian Gräf,,,,AVM Resource Module for Application Security Group (ASG),,2023-12
Microsoft.Network,azureFirewalls,Azure Firewall,Azure FW,avm/res/network/azure-firewall,n/a,Available,https://github.com/Azure/bicep-registry-modules/tree/main/avm/res/network/azure-firewall,br/public:avm/res/network/azure-firewall:X.Y.Z,46d3xbcp.res.network-azurefirewall,jtracey93,Jack Tracey,oZakari,Zach Trocinski,,AVM Resource Module for Azure Firewall,,2024-03
Microsoft.Network,bastionHosts,Bastion Host,,avm/res/network/bastion-host,n/a,Available,https://github.com/Azure/bicep-registry-modules/tree/main/avm/res/network/bastion-host,br/public:avm/res/network/bastion-host:X.Y.Z,46d3xbcp.res.network-bastionhost,krbar,Kris Baranek,,,,AVM Resource Module for Bastion Host,,2023-12
Microsoft.Network,connections,Virtual Network Gateway Connection,,avm/res/network/connection,n/a,Available,https://github.com/Azure/bicep-registry-modules/tree/main/avm/res/network/connection,br/public:avm/res/network/connection:X.Y.Z,46d3xbcp.res.network-connection,fabmas,Fabio Masciotra,,,,AVM Resource Module for Virtual Network Gateway Connection,,2023-12
Microsoft.Network,ddosProtectionPlans,DDoS Protection Plan,,avm/res/network/ddos-protection-plan,n/a,Available,https://github.com/Azure/bicep-registry-modules/tree/main/avm/res/network/ddos-protection-plan,br/public:avm/res/network/ddos-protection-plan:X.Y.Z,46d3xbcp.res.network-ddosprotectionplan,segraef,Sebastian Gräf,,,,AVM Resource Module for DDoS Protection Plan,,2024-01
Microsoft.Network,dnsForwardingRulesets,DNS Forwarding Ruleset,,avm/res/network/dns-forwarding-ruleset,n/a,Available,https://github.com/Azure/bicep-registry-modules/tree/main/avm/res/network/dns-forwarding-ruleset,br/public:avm/res/network/dns-forwarding-ruleset:X.Y.Z,46d3xbcp.res.network-dnsforwardingruleset,ChrisSidebotham,ChrisSidebotham-MSFT,,,,AVM Resource Module for DNS Forwarding Ruleset,,2023-11
Microsoft.Network,dnsForwardingRulesets/forwardingRules,DNS Forwarding Ruleset - Forwarding Rule,,avm/res/network/dns-forwarding-ruleset/forwarding-rule,avm/res/network/dns-forwarding-ruleset,Available,https://github.com/Azure/bicep-registry-modules/tree/main/avm/res/network/dns-forwarding-ruleset/forwarding-rule,br/public:avm/res/network/dns-forwarding-ruleset/forwarding-rule:X.Y.Z,46d3xbcp.res.network-dnsforwardingruleset-fwdrule,ChrisSidebotham,ChrisSidebotham-MSFT,,,,AVM Child Module for DNS Forwarding Ruleset - Forwarding Rule,Bulk-added child module,2026-05
Microsoft.Network,dnsForwardingRulesets/virtualNetworkLinks,DNS Forwarding Ruleset - Virtual Network Link,,avm/res/network/dns-forwarding-ruleset/virtual-network-link,avm/res/network/dns-forwarding-ruleset,Available,https://github.com/Azure/bicep-registry-modules/tree/main/avm/res/network/dns-forwarding-ruleset/virtual-network-link,br/public:avm/res/network/dns-forwarding-ruleset/virtual-network-link:X.Y.Z,46d3xbcp.res.network-dnsfwdruleset-vnetlink,ChrisSidebotham,ChrisSidebotham-MSFT,,,,AVM Child Module for DNS Forwarding Ruleset - Virtual Network Link,Bulk-added child module,2026-05
Microsoft.Network,dnsResolvers,DNS Resolver,,avm/res/network/dns-resolver,n/a,Available,https://github.com/Azure/bicep-registry-modules/tree/main/avm/res/network/dns-resolver,br/public:avm/res/network/dns-resolver:X.Y.Z,46d3xbcp.res.network-dnsresolver,ChrisSidebotham,ChrisSidebotham-MSFT,,,,AVM Resource Module for DNS Resolver,,2023-11
Microsoft.Network,dnsResolvers/inboundEndpoints,DNS Resolver - Inbound Endpoint,,avm/res/network/dns-resolver/inbound-endpoint,avm/res/network/dns-resolver,Available,https://github.com/Azure/bicep-registry-modules/tree/main/avm/res/network/dns-resolver/inbound-endpoint,br/public:avm/res/network/dns-resolver/inbound-endpoint:X.Y.Z,46d3xbcp.res.network-dnsresolver-inboundendpoint,ChrisSidebotham,ChrisSidebotham-MSFT,,,,AVM Child Module for DNS Resolver - Inbound Endpoint,Bulk-added child module,2026-05
Microsoft.Network,dnsResolvers/outboundEndpoints,DNS Resolver - Outbound Endpoint,,avm/res/network/dns-resolver/outbound-endpoint,avm/res/network/dns-resolver,Available,https://github.com/Azure/bicep-registry-modules/tree/main/avm/res/network/dns-resolver/outbound-endpoint,br/public:avm/res/network/dns-resolver/outbound-endpoint:X.Y.Z,46d3xbcp.res.network-dnsresolver-outboundendpoint,ChrisSidebotham,ChrisSidebotham-MSFT,,,,AVM Child Module for DNS Resolver - Outbound Endpoint,Bulk-added child module,2026-05
Microsoft.Network,dnsZones,Public DNS Zone,,avm/res/network/dns-zone,n/a,Available,https://github.com/Azure/bicep-registry-modules/tree/main/avm/res/network/dns-zone,br/public:avm/res/network/dns-zone:X.Y.Z,46d3xbcp.res.network-dnszone,ChrisSidebotham,ChrisSidebotham-MSFT,,,,AVM Resource Module for Public DNS Zone,,2023-11
Microsoft.Network,dnsZones/A,Public DNS Zone - A,,avm/res/network/dns-zone/a,avm/res/network/dns-zone,Available,https://github.com/Azure/bicep-registry-modules/tree/main/avm/res/network/dns-zone/a,br/public:avm/res/network/dns-zone/a:X.Y.Z,46d3xbcp.res.network-dnszone-a,ChrisSidebotham,ChrisSidebotham-MSFT,,,,AVM Child Module for Public DNS Zone - A,Bulk-added child module,2026-05
Microsoft.Network,dnsZones/AAAA,Public DNS Zone - AAAA,,avm/res/network/dns-zone/aaaa,avm/res/network/dns-zone,Available,https://github.com/Azure/bicep-registry-modules/tree/main/avm/res/network/dns-zone/aaaa,br/public:avm/res/network/dns-zone/aaaa:X.Y.Z,46d3xbcp.res.network-dnszone-aaaa,ChrisSidebotham,ChrisSidebotham-MSFT,,,,AVM Child Module for Public DNS Zone - AAAA,Bulk-added child module,2026-05
Microsoft.Network,dnsZones/CAA,Public DNS Zone - CAA,,avm/res/network/dns-zone/caa,avm/res/network/dns-zone,Available,https://github.com/Azure/bicep-registry-modules/tree/main/avm/res/network/dns-zone/caa,br/public:avm/res/network/dns-zone/caa:X.Y.Z,46d3xbcp.res.network-dnszone-caa,ChrisSidebotham,ChrisSidebotham-MSFT,,,,AVM Child Module for Public DNS Zone - CAA,Bulk-added child module,2026-05
Microsoft.Network,dnsZones/CNAME,Public DNS Zone - CNAME,,avm/res/network/dns-zone/cname,avm/res/network/dns-zone,Available,https://github.com/Azure/bicep-registry-modules/tree/main/avm/res/network/dns-zone/cname,br/public:avm/res/network/dns-zone/cname:X.Y.Z,46d3xbcp.res.network-dnszone-cname,ChrisSidebotham,ChrisSidebotham-MSFT,,,,AVM Child Module for Public DNS Zone - CNAME,Bulk-added child module,2026-05
Microsoft.Network,dnsZones/dnssecConfigs,Public DNS Zone - DNSSecConfig,,avm/res/network/dns-zone/dnssec-config,avm/res/network/dns-zone,Available,https://github.com/Azure/bicep-registry-modules/tree/main/avm/res/network/dns-zone/dnssec-config,br/public:avm/res/network/dns-zone/dnssec-config:X.Y.Z,46d3xbcp.res.network-dnszone-dnssecconfig,ChrisSidebotham,ChrisSidebotham-MSFT,,,,AVM Child Module for Public DNS Zone - DNSSecConfig,Bulk-added child module,2026-05
Microsoft.Network,dnsZones/DS,Public DNS Zone - DS,,avm/res/network/dns-zone/ds,avm/res/network/dns-zone,Available,https://github.com/Azure/bicep-registry-modules/tree/main/avm/res/network/dns-zone/ds,br/public:avm/res/network/dns-zone/ds:X.Y.Z,46d3xbcp.res.network-dnszone-ds,ChrisSidebotham,ChrisSidebotham-MSFT,,,,AVM Child Module for Public DNS Zone - DS,,2026-06
Microsoft.Network,dnsZones/MX,Public DNS Zone - MX,,avm/res/network/dns-zone/mx,avm/res/network/dns-zone,Available,https://github.com/Azure/bicep-registry-modules/tree/main/avm/res/network/dns-zone/mx,br/public:avm/res/network/dns-zone/mx:X.Y.Z,46d3xbcp.res.network-dnszone-mx,ChrisSidebotham,ChrisSidebotham-MSFT,,,,AVM Child Module for Public DNS Zone - MX,Bulk-added child module,2026-05
Microsoft.Network,dnsZones/NS,Public DNS Zone - NS,,avm/res/network/dns-zone/ns,avm/res/network/dns-zone,Available,https://github.com/Azure/bicep-registry-modules/tree/main/avm/res/network/dns-zone/ns,br/public:avm/res/network/dns-zone/ns:X.Y.Z,46d3xbcp.res.network-dnszone-ns,ChrisSidebotham,ChrisSidebotham-MSFT,,,,AVM Child Module for Public DNS Zone - NS,Bulk-added child module,2026-05
Microsoft.Network,dnsZones/PTR,Public DNS Zone - PTR,,avm/res/network/dns-zone/ptr,avm/res/network/dns-zone,Available,https://github.com/Azure/bicep-registry-modules/tree/main/avm/res/network/dns-zone/ptr,br/public:avm/res/network/dns-zone/ptr:X.Y.Z,46d3xbcp.res.network-dnszone-ptr,ChrisSidebotham,ChrisSidebotham-MSFT,,,,AVM Child Module for Public DNS Zone - PTR,Bulk-added child module,2026-05
Microsoft.Network,dnsZones/SOA,Public DNS Zone - SOA,,avm/res/network/dns-zone/soa,avm/res/network/dns-zone,Available,https://github.com/Azure/bicep-registry-modules/tree/main/avm/res/network/dns-zone/soa,br/public:avm/res/network/dns-zone/soa:X.Y.Z,46d3xbcp.res.network-dnszone-soa,ChrisSidebotham,ChrisSidebotham-MSFT,,,,AVM Child Module for Public DNS Zone - SOA,Bulk-added child module,2026-05
Microsoft.Network,dnsZones/SRV,Public DNS Zone - SRV,,avm/res/network/dns-zone/srv,avm/res/network/dns-zone,Available,https://github.com/Azure/bicep-registry-modules/tree/main/avm/res/network/dns-zone/srv,br/public:avm/res/network/dns-zone/srv:X.Y.Z,46d3xbcp.res.network-dnszone-srv,ChrisSidebotham,ChrisSidebotham-MSFT,,,,AVM Child Module for Public DNS Zone - SRV,Bulk-added child module,2026-05
Microsoft.Network,dnsZones/TXT,Public DNS Zone - TXT,,avm/res/network/dns-zone/txt,avm/res/network/dns-zone,Available,https://github.com/Azure/bicep-registry-modules/tree/main/avm/res/network/dns-zone/txt,br/public:avm/res/network/dns-zone/txt:X.Y.Z,46d3xbcp.res.network-dnszone-txt,ChrisSidebotham,ChrisSidebotham-MSFT,,,,AVM Child Module for Public DNS Zone - TXT,Bulk-added child module,2026-05
Microsoft.Network,expressRouteCircuits,ExpressRoute Circuit,ER Circuit,avm/res/network/express-route-circuit,n/a,Available,https://github.com/Azure/bicep-registry-modules/tree/main/avm/res/network/express-route-circuit,br/public:avm/res/network/express-route-circuit:X.Y.Z,46d3xbcp.res.network-expressroutecircuit,arnoldna,Nate Arnold,,,,AVM Resource Module for ExpressRoute Circuit,,2023-11
Microsoft.Network,expressRouteGateways,Express Route Gateway,ER GW,avm/res/network/express-route-gateway,n/a,Available,https://github.com/Azure/bicep-registry-modules/tree/main/avm/res/network/express-route-gateway,br/public:avm/res/network/express-route-gateway:X.Y.Z,46d3xbcp.res.network-expressroutegateway,arnoldna,Nate Arnold,,,,AVM Resource Module for Express Route Gateway,,2023-11
Microsoft.Network,expressRoutePorts,ExpressRoute Port,ER Port,avm/res/network/express-route-port,n/a,Available,https://github.com/Azure/bicep-registry-modules/tree/main/avm/res/network/express-route-port,br/public:avm/res/network/express-route-port:X.Y.Z,46d3xbcp.res.network-expressrouteport,arnoldna,Nate Arnold,,,,AVM Resource Module for ExpressRoute Port,,2025-01
Microsoft.Network,firewallPolicies,Firewall Policy,,avm/res/network/firewall-policy,n/a,Available,https://github.com/Azure/bicep-registry-modules/tree/main/avm/res/network/firewall-policy,br/public:avm/res/network/firewall-policy:X.Y.Z,46d3xbcp.res.network-firewallpolicy,jtracey93,Jack Tracey,oZakari,Zach Trocinski,,AVM Resource Module for Firewall Policy,,2024-01
Microsoft.Network,firewallPolicies/ruleCollectionGroups,Firewall Policy - Rule Collection Group,,avm/res/network/firewall-policy/rule-collection-group,avm/res/network/firewall-policy,Available,https://github.com/Azure/bicep-registry-modules/tree/main/avm/res/network/firewall-policy/rule-collection-group,br/public:avm/res/network/firewall-policy/rule-collection-group:X.Y.Z,46d3xbcp.res.network-fwpolicy-rulecollection,jtracey93,Jack Tracey,oZakari,Zach Trocinski,,AVM Child Module for Firewall Policy - Rule Collection Group,Bulk-added child module,2026-05
Microsoft.Network,frontDoors,Azure Front Door,,avm/res/network/front-door,n/a,Deprecated,https://github.com/Azure/bicep-registry-modules/tree/main/avm/res/network/front-door,br/public:avm/res/network/front-door:X.Y.Z,46d3xbcp.res.network-frontdoor,,,,,,AVM Resource Module for Azure Front Door,,2024-01
Microsoft.Network,frontDoorWebApplicationFirewallPolicies,Front Door Web Application Firewall (WAF) Policy,,avm/res/network/front-door-web-application-firewall-policy,n/a,Available,https://github.com/Azure/bicep-registry-modules/tree/main/avm/res/network/front-door-web-application-firewall-policy,br/public:avm/res/network/front-door-web-application-firewall-policy:X.Y.Z,46d3xbcp.res.network-frontdoorwebappfwpolicy,PaulJohnston88,Paul Johnston,,,,AVM Resource Module for Front Door Web Application Firewall (WAF) Policy,,2024-01
Microsoft.Network,ipGroups,IP Group,,avm/res/network/ip-group,n/a,Orphaned,https://github.com/Azure/bicep-registry-modules/tree/main/avm/res/network/ip-group,br/public:avm/res/network/ip-group:X.Y.Z,46d3xbcp.res.network-ipgroup,,,,,,AVM Resource Module for IP Group,,2024-02
Microsoft.Network,loadBalancers,Load Balancer,"LB, NLB",avm/res/network/load-balancer,n/a,Available,https://github.com/Azure/bicep-registry-modules/tree/main/avm/res/network/load-balancer,br/public:avm/res/network/load-balancer:X.Y.Z,46d3xbcp.res.network-loadbalancer,arnoldna,Nate Arnold,,,,AVM Resource Module for Load Balancer,,2023-11
Microsoft.Network,loadBalancers/backendAddressPools,Load Balancer - Backend Address Pool,,avm/res/network/load-balancer/backend-address-pool,avm/res/network/load-balancer,Available,https://github.com/Azure/bicep-registry-modules/tree/main/avm/res/network/load-balancer/backend-address-pool,br/public:avm/res/network/load-balancer/backend-address-pool:X.Y.Z,46d3xbcp.res.network-loadbalancer-beaddresspool,arnoldna,Nate Arnold,,,,AVM Child Module for Load Balancer - Backend Address Pool,Bulk-added child module,2026-05
Microsoft.Network,loadBalancers/inboundNatRules,Load Balancer - Inbound Nat Rule,,avm/res/network/load-balancer/inbound-nat-rule,avm/res/network/load-balancer,Available,https://github.com/Azure/bicep-registry-modules/tree/main/avm/res/network/load-balancer/inbound-nat-rule,br/public:avm/res/network/load-balancer/inbound-nat-rule:X.Y.Z,46d3xbcp.res.network-loadbalancer-inboundnatrule,arnoldna,Nate Arnold,,,,AVM Child Module for Load Balancer - Inbound Nat Rule,Bulk-added child module,2026-05
Microsoft.Network,localNetworkGateways,Local Network Gateway,,avm/res/network/local-network-gateway,n/a,Available,https://github.com/Azure/bicep-registry-modules/tree/main/avm/res/network/local-network-gateway,br/public:avm/res/network/local-network-gateway:X.Y.Z,46d3xbcp.res.network-localnetworkgateway,fabmas,Fabio Masciotra,,,,AVM Resource Module for Local Network Gateway,,2024-01
Microsoft.Network,natGateways,NAT Gateway,NAT GW,avm/res/network/nat-gateway,n/a,Available,https://github.com/Azure/bicep-registry-modules/tree/main/avm/res/network/nat-gateway,br/public:avm/res/network/nat-gateway:X.Y.Z,46d3xbcp.res.network-natgateway,fabmas,Fabio Masciotra,,,,AVM Resource Module for NAT Gateway,,2024-01
Microsoft.Network,networkInterfaces,Network Interface,NIC,avm/res/network/network-interface,n/a,Available,https://github.com/Azure/bicep-registry-modules/tree/main/avm/res/network/network-interface,br/public:avm/res/network/network-interface:X.Y.Z,46d3xbcp.res.network-networkinterface,rahalan,Rainer Halanek,,,,AVM Resource Module for Network Interface,,2023-11
Microsoft.Network,networkManagers,Network Manager,,avm/res/network/network-manager,n/a,Orphaned,https://github.com/Azure/bicep-registry-modules/tree/main/avm/res/network/network-manager,br/public:avm/res/network/network-manager:X.Y.Z,46d3xbcp.res.network-networkmanager,,,,,,AVM Resource Module for Network Manager,,2024-02
Microsoft.Network,networkManagers/connectivityConfigurations,Network Manager - Connectivity Configuration,,avm/res/network/network-manager/connectivity-configuration,avm/res/network/network-manager,Orphaned,https://github.com/Azure/bicep-registry-modules/tree/main/avm/res/network/network-manager/connectivity-configuration,br/public:avm/res/network/network-manager/connectivity-configuration:X.Y.Z,46d3xbcp.res.network-nwmgr-connectivityconfig,,,,,,AVM Child Module for Network Manager - Connectivity Configuration,Bulk-added child module,2026-05
Microsoft.Network,networkManagers/networkGroups,Network Manager - Network Group,,avm/res/network/network-manager/network-group,avm/res/network/network-manager,Orphaned,https://github.com/Azure/bicep-registry-modules/tree/main/avm/res/network/network-manager/network-group,br/public:avm/res/network/network-manager/network-group:X.Y.Z,46d3xbcp.res.network-nwmgr-networkgroup,,,,,,AVM Child Module for Network Manager - Network Group,Bulk-added child module,2026-05
Microsoft.Network,networkManagers/networkGroups/staticMembers,Network Manager - Network Group - Static Member,,avm/res/network/network-manager/network-group/static-member,avm/res/network/network-manager,Orphaned,https://github.com/Azure/bicep-registry-modules/tree/main/avm/res/network/network-manager/network-group/static-member,br/public:avm/res/network/network-manager/network-group/static-member:X.Y.Z,46d3xbcp.res.network-nwmgr-nwgrpstaticmember,,,,,,AVM Child Module for Network Manager - Network Group - Static Member,Bulk-added child module,2026-05
Microsoft.Network,networkManagers/routingConfigurations,Network Manager - Routing Configuration,,avm/res/network/network-manager/routing-configuration,avm/res/network/network-manager,Orphaned,https://github.com/Azure/bicep-registry-modules/tree/main/avm/res/network/network-manager/routing-configuration,br/public:avm/res/network/network-manager/routing-configuration:X.Y.Z,46d3xbcp.res.network-nwmgr-routingcfg,,,,,,AVM Child Module for Network Manager - Routing Configuration,Bulk-added child module,2026-05
Microsoft.Network,networkManagers/routingConfigurations/ruleCollections,Network Manager - Routing Configuration - Rule Collection,,avm/res/network/network-manager/routing-configuration/rule-collection,avm/res/network/network-manager,Orphaned,https://github.com/Azure/bicep-registry-modules/tree/main/avm/res/network/network-manager/routing-configuration/rule-collection,br/public:avm/res/network/network-manager/routing-configuration/rule-collection:X.Y.Z,46d3xbcp.res.network-nwmgr-routingcfgrulecoll,,,,,,AVM Child Module for Network Manager - Routing Configuration - Rule Collection,Bulk-added child module,2026-05
Microsoft.Network,networkManagers/routingConfigurations/ruleCollections/rules,Network Manager - Routing Configuration - Rule Collection - Rule,,avm/res/network/network-manager/routing-configuration/rule-collection/rule,avm/res/network/network-manager,Orphaned,https://github.com/Azure/bicep-registry-modules/tree/main/avm/res/network/network-manager/routing-configuration/rule-collection/rule,br/public:avm/res/network/network-manager/routing-configuration/rule-collection/rule:X.Y.Z,46d3xbcp.res.network-nwmgr-routingcfgrulecollrule,,,,,,AVM Child Module for Network Manager - Routing Configuration - Rule Collection - Rule,Bulk-added child module,2026-05
Microsoft.Network,networkManagers/scopeConnections,Network Manager - Scope Connection,,avm/res/network/network-manager/scope-connection,avm/res/network/network-manager,Orphaned,https://github.com/Azure/bicep-registry-modules/tree/main/avm/res/network/network-manager/scope-connection,br/public:avm/res/network/network-manager/scope-connection:X.Y.Z,46d3xbcp.res.network-nwmgr-scopeconnection,,,,,,AVM Child Module for Network Manager - Scope Connection,Bulk-added child module,2026-05
Microsoft.Network,networkManagers/securityAdminConfigurations,Network Manager - Security Admin Configuration,,avm/res/network/network-manager/security-admin-configuration,avm/res/network/network-manager,Orphaned,https://github.com/Azure/bicep-registry-modules/tree/main/avm/res/network/network-manager/security-admin-configuration,br/public:avm/res/network/network-manager/security-admin-configuration:X.Y.Z,46d3xbcp.res.network-nwmgr-secadmcfg,,,,,,AVM Child Module for Network Manager - Security Admin Configuration,Bulk-added child module,2026-05
Microsoft.Network,networkManagers/securityAdminConfigurations/ruleCollections,Network Manager - Security Admin Configuration - Rule Collection,,avm/res/network/network-manager/security-admin-configuration/rule-collection,avm/res/network/network-manager,Orphaned,https://github.com/Azure/bicep-registry-modules/tree/main/avm/res/network/network-manager/security-admin-configuration/rule-collection,br/public:avm/res/network/network-manager/security-admin-configuration/rule-collection:X.Y.Z,46d3xbcp.res.network-nwmgr-secadmcfgrulecoll,,,,,,AVM Child Module for Network Manager - Security Admin Configuration - Rule Collection,Bulk-added child module,2026-05
Microsoft.Network,networkManagers/securityAdminConfigurations/ruleCollections/rules,Network Manager - Security Admin Configuration - Rule Coll - Rule,,avm/res/network/network-manager/security-admin-configuration/rule-collection/rule,avm/res/network/network-manager,Orphaned,https://github.com/Azure/bicep-registry-modules/tree/main/avm/res/network/network-manager/security-admin-configuration/rule-collection/rule,br/public:avm/res/network/network-manager/security-admin-configuration/rule-collection/rule:X.Y.Z,46d3xbcp.res.network-nwmgr-secadmcfgrulecollrule,,,,,,AVM Child Module for Network Manager - Security Admin Configuration - Rule Coll - Rule,Bulk-added child module,2026-05
Microsoft.Network,networkSecurityGroups,Network Security Group,NSG,avm/res/network/network-security-group,n/a,Orphaned,https://github.com/Azure/bicep-registry-modules/tree/main/avm/res/network/network-security-group,br/public:avm/res/network/network-security-group:X.Y.Z,46d3xbcp.res.network-networksecuritygroup,,,,,,AVM Resource Module for Network Security Group,,2023-12
Microsoft.Network,networkSecurityPerimeters,Network Security Perimeter,,avm/res/network/network-security-perimeter,n/a,Orphaned,https://github.com/Azure/bicep-registry-modules/tree/main/avm/res/network/network-security-perimeter,br/public:avm/res/network/network-security-perimeter:X.Y.Z,46d3xbcp.res.network-nwsecurityperimeter,,,,,,AVM Resource Module for Network Security Perimeter,,2025-03
Microsoft.Network,networkSecurityPerimeters/profiles,Network Security Perimeter - Profile,,avm/res/network/network-security-perimeter/profile,avm/res/network/network-security-perimeter,Orphaned,https://github.com/Azure/bicep-registry-modules/tree/main/avm/res/network/network-security-perimeter/profile,br/public:avm/res/network/network-security-perimeter/profile:X.Y.Z,46d3xbcp.res.network-nwsecperim-profile,,,,,,AVM Child Module for Network Security Perimeter - Profile,Bulk-added child module,2026-05
Microsoft.Network,networkSecurityPerimeters/profiles/accessRules,Network Security Perimeter - Profile - Access Rule,,avm/res/network/network-security-perimeter/profile/access-rule,avm/res/network/network-security-perimeter,Orphaned,https://github.com/Azure/bicep-registry-modules/tree/main/avm/res/network/network-security-perimeter/profile/access-rule,br/public:avm/res/network/network-security-perimeter/profile/access-rule:X.Y.Z,46d3xbcp.res.network-nwsecperim-profileaccessrule,,,,,,AVM Child Module for Network Security Perimeter - Profile - Access Rule,Bulk-added child module,2026-05
Microsoft.Network,networkWatchers,Network Watcher,,avm/res/network/network-watcher,n/a,Available,https://github.com/Azure/bicep-registry-modules/tree/main/avm/res/network/network-watcher,br/public:avm/res/network/network-watcher:X.Y.Z,46d3xbcp.res.network-networkwatcher,segraef,Sebastian Gräf,,,,AVM Resource Module for Network Watcher,,2024-04
Microsoft.Network,networkWatchers/connectionMonitors,Network Watcher - Connection Monitor,,avm/res/network/network-watcher/connection-monitor,avm/res/network/network-watcher,Available,https://github.com/Azure/bicep-registry-modules/tree/main/avm/res/network/network-watcher/connection-monitor,br/public:avm/res/network/network-watcher/connection-monitor:X.Y.Z,46d3xbcp.res.network-networkwatcher-connmonitor,segraef,Sebastian Gräf,,,,AVM Child Module for Network Watcher - Connection Monitor,Bulk-added child module,2026-05
Microsoft.Network,networkWatchers/flowLogs,Network Watcher - Flow Log,,avm/res/network/network-watcher/flow-log,avm/res/network/network-watcher,Available,https://github.com/Azure/bicep-registry-modules/tree/main/avm/res/network/network-watcher/flow-log,br/public:avm/res/network/network-watcher/flow-log:X.Y.Z,46d3xbcp.res.network-networkwatcher-flowlog,segraef,Sebastian Gräf,,,,AVM Child Module for Network Watcher - Flow Log,Bulk-added child module,2026-05
Microsoft.Network,p2svpnGateways,P2S VPN Gateway,,avm/res/network/p2s-vpn-gateway,n/a,Available,https://github.com/Azure/bicep-registry-modules/tree/main/avm/res/network/p2s-vpn-gateway,br/public:avm/res/network/p2s-vpn-gateway:X.Y.Z,46d3xbcp.res.network-p2svpngateway,ericscheffler,Eric Scheffler,,,,AVM Resource Module for P2S VPN Gateway,,2024-12
Microsoft.Network,privateDnsZones,Private DNS Zone,,avm/res/network/private-dns-zone,n/a,Available,https://github.com/Azure/bicep-registry-modules/tree/main/avm/res/network/private-dns-zone,br/public:avm/res/network/private-dns-zone:X.Y.Z,46d3xbcp.res.network-privatednszone,ChrisSidebotham,ChrisSidebotham-MSFT,,,,AVM Resource Module for Private DNS Zone,,2023-11
Microsoft.Network,privateDnsZones/A,Private DNS Zone - A,,avm/res/network/private-dns-zone/a,avm/res/network/private-dns-zone,Available,https://github.com/Azure/bicep-registry-modules/tree/main/avm/res/network/private-dns-zone/a,br/public:avm/res/network/private-dns-zone/a:X.Y.Z,46d3xbcp.res.nw-privdnszonea,ChrisSidebotham,ChrisSidebotham-MSFT,,,,AVM Child Module for Private DNS Zone - A,,2025-08
Microsoft.Network,privateDnsZones/AAAA,Private DNS Zone - AAAA,,avm/res/network/private-dns-zone/aaaa,avm/res/network/private-dns-zone,Available,https://github.com/Azure/bicep-registry-modules/tree/main/avm/res/network/private-dns-zone/aaaa,br/public:avm/res/network/private-dns-zone/aaaa:X.Y.Z,46d3xbcp.res.nw-privdnszoneaaaa,ChrisSidebotham,ChrisSidebotham-MSFT,,,,AVM Child Module for Private DNS Zone - AAAA,,2025-08
Microsoft.Network,privateDnsZones/CNAME,Private DNS Zone - CNAME,,avm/res/network/private-dns-zone/cname,avm/res/network/private-dns-zone,Available,https://github.com/Azure/bicep-registry-modules/tree/main/avm/res/network/private-dns-zone/cname,br/public:avm/res/network/private-dns-zone/cname:X.Y.Z,46d3xbcp.res.nw-privdnszonecname,ChrisSidebotham,ChrisSidebotham-MSFT,,,,AVM Child Module for Private DNS Zone - CNAME,,2025-08
Microsoft.Network,privateDnsZones/MX,Private DNS Zone - MX,,avm/res/network/private-dns-zone/mx,avm/res/network/private-dns-zone,Available,https://github.com/Azure/bicep-registry-modules/tree/main/avm/res/network/private-dns-zone/mx,br/public:avm/res/network/private-dns-zone/mx:X.Y.Z,46d3xbcp.res.nw-privdnszonemx,ChrisSidebotham,ChrisSidebotham-MSFT,,,,AVM Child Module for Private DNS Zone - MX,,2025-08
Microsoft.Network,privateDnsZones/PTR,Private DNS Zone - PTR,,avm/res/network/private-dns-zone/ptr,avm/res/network/private-dns-zone,Available,https://github.com/Azure/bicep-registry-modules/tree/main/avm/res/network/private-dns-zone/ptr,br/public:avm/res/network/private-dns-zone/ptr:X.Y.Z,46d3xbcp.res.nw-privdnszoneptr,ChrisSidebotham,ChrisSidebotham-MSFT,,,,AVM Child Module for Private DNS Zone - PTR,,2025-08
Microsoft.Network,privateDnsZones/SOA,Private DNS Zone - SOA,,avm/res/network/private-dns-zone/soa,avm/res/network/private-dns-zone,Available,https://github.com/Azure/bicep-registry-modules/tree/main/avm/res/network/private-dns-zone/soa,br/public:avm/res/network/private-dns-zone/soa:X.Y.Z,46d3xbcp.res.nw-privdnszonesoa,ChrisSidebotham,ChrisSidebotham-MSFT,,,,AVM Child Module for Private DNS Zone - SOA,,2025-08
Microsoft.Network,privateDnsZones/SRV,Private DNS Zone - SRV,,avm/res/network/private-dns-zone/srv,avm/res/network/private-dns-zone,Available,https://github.com/Azure/bicep-registry-modules/tree/main/avm/res/network/private-dns-zone/srv,br/public:avm/res/network/private-dns-zone/srv:X.Y.Z,46d3xbcp.res.nw-privdnszonesrv,ChrisSidebotham,ChrisSidebotham-MSFT,,,,AVM Child Module for Private DNS Zone - SRV,,2025-08
Microsoft.Network,privateDnsZones/TXT,Private DNS Zone - TXT,,avm/res/network/private-dns-zone/txt,avm/res/network/private-dns-zone,Available,https://github.com/Azure/bicep-registry-modules/tree/main/avm/res/network/private-dns-zone/txt,br/public:avm/res/network/private-dns-zone/txt:X.Y.Z,46d3xbcp.res.nw-privdnszonetxt,ChrisSidebotham,ChrisSidebotham-MSFT,,,,AVM Child Module for Private DNS Zone - TXT,,2025-08
Microsoft.Network,privateDnsZones/virtualNetworkLinks,Virtual Network Links,VNET Link,avm/res/network/private-dns-zone/virtual-network-link,avm/res/network/private-dns-zone,Available,https://github.com/Azure/bicep-registry-modules/tree/main/avm/res/network/private-dns-zone/virtual-network-link,br/public:avm/res/network/private-dns-zone/virtual-network-link:X.Y.Z,46d3xbcp.res.nw-privdnszonevnetlink,ChrisSidebotham,ChrisSidebotham-MSFT,,,,AVM Child Module for Virtual Network Links,,2026-03
Microsoft.Network,privateEndpoints,Private Endpoint,,avm/res/network/private-endpoint,n/a,Available,https://github.com/Azure/bicep-registry-modules/tree/main/avm/res/network/private-endpoint,br/public:avm/res/network/private-endpoint:X.Y.Z,46d3xbcp.res.network-privateendpoint,segraef,Sebastian Gräf,,,,AVM Resource Module for Private Endpoint,,2023-11
Microsoft.Network,privateEndpoints/privateDnsZoneGroups,Private Endpoint - Private Dns Zone Group,,avm/res/network/private-endpoint/private-dns-zone-group,avm/res/network/private-endpoint,Available,https://github.com/Azure/bicep-registry-modules/tree/main/avm/res/network/private-endpoint/private-dns-zone-group,br/public:avm/res/network/private-endpoint/private-dns-zone-group:X.Y.Z,46d3xbcp.res.network-privendpoint-privdnszonegrp,segraef,Sebastian Gräf,,,,AVM Child Module for Private Endpoint - Private Dns Zone Group,Bulk-added child module,2026-05
Microsoft.Network,privateLinkServices,Private Link Service,,avm/res/network/private-link-service,n/a,Orphaned,https://github.com/Azure/bicep-registry-modules/tree/main/avm/res/network/private-link-service,br/public:avm/res/network/private-link-service:X.Y.Z,46d3xbcp.res.network-privatelinkservice,,,,,,AVM Resource Module for Private Link Service,,2024-02
Microsoft.Network,publicIPAddresses,Public IP Address,PIP,avm/res/network/public-ip-address,n/a,Available,https://github.com/Azure/bicep-registry-modules/tree/main/avm/res/network/public-ip-address,br/public:avm/res/network/public-ip-address:X.Y.Z,46d3xbcp.res.network-publicipaddress,ChrisSidebotham,ChrisSidebotham-MSFT,krbar,Kris Baranek,,AVM Resource Module for Public IP Address,,2023-11
Microsoft.Network,publicIPPrefixes,Public IP Prefix,PIP Prefix,avm/res/network/public-ip-prefix,n/a,Available,https://github.com/Azure/bicep-registry-modules/tree/main/avm/res/network/public-ip-prefix,br/public:avm/res/network/public-ip-prefix:X.Y.Z,46d3xbcp.res.network-publicipprefix,krbar,Kris Baranek,,,,AVM Resource Module for Public IP Prefix,,2023-12
Microsoft.Network,routeTables,Route Table,UDR,avm/res/network/route-table,n/a,Available,https://github.com/Azure/bicep-registry-modules/tree/main/avm/res/network/route-table,br/public:avm/res/network/route-table:X.Y.Z,46d3xbcp.res.network-routetable,segraef,Sebastian Gräf,,,,AVM Resource Module for Route Table,,2023-11
Microsoft.Network,serviceEndpointPolicies,Service Endpoint Policy,,avm/res/network/service-endpoint-policy,n/a,Orphaned,https://github.com/Azure/bicep-registry-modules/tree/main/avm/res/network/service-endpoint-policy,br/public:avm/res/network/service-endpoint-policy:X.Y.Z,46d3xbcp.res.network-serviceendpointpolicy,,,,,,AVM Resource Module for Service Endpoint Policy,,2024-03
Microsoft.Network,trafficmanagerprofiles,Traffic Manager Profile,,avm/res/network/trafficmanagerprofile,n/a,Available,https://github.com/Azure/bicep-registry-modules/tree/main/avm/res/network/trafficmanagerprofile,br/public:avm/res/network/trafficmanagerprofile:X.Y.Z,46d3xbcp.res.network-trafficmanagerprofile,lsnoddy,Luke Snoddy,,,,AVM Resource Module for Traffic Manager Profile,,2023-12
Microsoft.Network,virtualHubs,Virtual Hub,,avm/res/network/virtual-hub,n/a,Available,https://github.com/Azure/bicep-registry-modules/tree/main/avm/res/network/virtual-hub,br/public:avm/res/network/virtual-hub:X.Y.Z,46d3xbcp.res.network-virtualhub,arnoldna,Nate Arnold,,,,AVM Resource Module for Virtual Hub,,2024-02
Microsoft.Network,virtualHubs/hubRouteTables,Virtual Hub - Hub Route Table,,avm/res/network/virtual-hub/hub-route-table,avm/res/network/virtual-hub,Available,https://github.com/Azure/bicep-registry-modules/tree/main/avm/res/network/virtual-hub/hub-route-table,br/public:avm/res/network/virtual-hub/hub-route-table:X.Y.Z,46d3xbcp.res.network-virtualhub-hubroutetable,arnoldna,Nate Arnold,,,,AVM Child Module for Virtual Hub - Hub Route Table,Bulk-added child module,2026-05
Microsoft.Network,virtualHubs/hubVirtualNetworkConnections,Virtual Hub - Hub Virtual Network Connection,,avm/res/network/virtual-hub/hub-virtual-network-connection,avm/res/network/virtual-hub,Available,https://github.com/Azure/bicep-registry-modules/tree/main/avm/res/network/virtual-hub/hub-virtual-network-connection,br/public:avm/res/network/virtual-hub/hub-virtual-network-connection:X.Y.Z,46d3xbcp.res.network-virtualhub-hubvirtualnetwork,arnoldna,Nate Arnold,,,,AVM Child Module for Virtual Hub - Hub Virtual Network Connection,Bulk-added child module,2026-05
Microsoft.Network,virtualHubs/routeMaps,Route Map,,avm/res/network/virtual-hub/route-map,avm/res/network/virtual-hub,Available,https://github.com/Azure/bicep-registry-modules/tree/main/avm/res/network/virtual-hub/route-map,br/public:avm/res/network/virtual-hub/route-map:X.Y.Z,46d3xbcp.res.network-virtualhubroutemap,arnoldna,Nate Arnold,,,,AVM Child Module for Route Map,,2026-06
Microsoft.Network,virtualHubs/routingIntent,Virtual Hub - Routing Intent,,avm/res/network/virtual-hub/routing-intent,avm/res/network/virtual-hub,Available,https://github.com/Azure/bicep-registry-modules/tree/main/avm/res/network/virtual-hub/routing-intent,br/public:avm/res/network/virtual-hub/routing-intent:X.Y.Z,46d3xbcp.res.network-virtualhub-routingintent,arnoldna,Nate Arnold,,,,AVM Child Module for Virtual Hub - Routing Intent,Bulk-added child module,2026-05
Microsoft.Network,virtualNetworks,Virtual Network,VNET,avm/res/network/virtual-network,n/a,Available,https://github.com/Azure/bicep-registry-modules/tree/main/avm/res/network/virtual-network,br/public:avm/res/network/virtual-network:X.Y.Z,46d3xbcp.res.network-virtualnetwork,mjrich19,MJ Richardson,,,,AVM Resource Module for Virtual Network,,2023-11
Microsoft.Network,virtualNetworkGateways,Virtual Network Gateway,VNET GW,avm/res/network/virtual-network-gateway,n/a,Available,https://github.com/Azure/bicep-registry-modules/tree/main/avm/res/network/virtual-network-gateway,br/public:avm/res/network/virtual-network-gateway:X.Y.Z,46d3xbcp.res.network-virtualnetworkgateway,fabmas,Fabio Masciotra,,,,AVM Resource Module for Virtual Network Gateway,,2024-01
Microsoft.Network,virtualNetworkGateways/natRules,Virtual Network Gateway - Nat Rule,,avm/res/network/virtual-network-gateway/nat-rule,avm/res/network/virtual-network-gateway,Available,https://github.com/Azure/bicep-registry-modules/tree/main/avm/res/network/virtual-network-gateway/nat-rule,br/public:avm/res/network/virtual-network-gateway/nat-rule:X.Y.Z,46d3xbcp.res.network-vnetgw-natrule,fabmas,Fabio Masciotra,,,,AVM Child Module for Virtual Network Gateway - Nat Rule,Bulk-added child module,2026-05
Microsoft.Network,virtualNetworks/subnets,Virtual Network - Subnet,,avm/res/network/virtual-network/subnet,avm/res/network/virtual-network,Available,https://github.com/Azure/bicep-registry-modules/tree/main/avm/res/network/virtual-network/subnet,br/public:avm/res/network/virtual-network/subnet:X.Y.Z,46d3xbcp.res.network-virtualnetworksubnet,mjrich19,MJ Richardson,,,,AVM Child Module for Virtual Network - Subnet,,2025-03
Microsoft.Network,virtualNetworks/virtualNetworkPeerings,Virtual Network - Peering,VNET Peering,avm/res/network/virtual-network/virtual-network-peering,avm/res/network/virtual-network,Available,https://github.com/Azure/bicep-registry-modules/tree/main/avm/res/network/virtual-network/virtual-network-peering,br/public:avm/res/network/virtual-network/virtual-network-peering:X.Y.Z,46d3xbcp.res.network-virtualnetwork-peering,mjrich19,MJ Richardson,,,,AVM Child Module for Virtual Network - Peering,,2026-04
Microsoft.Network,virtualWans,Virtual WAN,vWAN,avm/res/network/virtual-wan,n/a,Available,https://github.com/Azure/bicep-registry-modules/tree/main/avm/res/network/virtual-wan,br/public:avm/res/network/virtual-wan:X.Y.Z,46d3xbcp.res.network-virtualwan,arnoldna,Nate Arnold,,,,AVM Resource Module for Virtual WAN,,2024-02
Microsoft.Network,vpnGateways,VPN Gateway,VPN GW,avm/res/network/vpn-gateway,n/a,Available,https://github.com/Azure/bicep-registry-modules/tree/main/avm/res/network/vpn-gateway,br/public:avm/res/network/vpn-gateway:X.Y.Z,46d3xbcp.res.network-vpngateway,fabmas,Fabio Masciotra,,,,AVM Resource Module for VPN Gateway,,2024-01
Microsoft.Network,vpnGateways/natRules,VPN Gateway - Nat Rule,,avm/res/network/vpn-gateway/nat-rule,avm/res/network/vpn-gateway,Available,https://github.com/Azure/bicep-registry-modules/tree/main/avm/res/network/vpn-gateway/nat-rule,br/public:avm/res/network/vpn-gateway/nat-rule:X.Y.Z,46d3xbcp.res.network-vpngateway-natrule,fabmas,Fabio Masciotra,,,,AVM Child Module for VPN Gateway - Nat Rule,Bulk-added child module,2026-05
Microsoft.Network,vpnGateways/vpnConnections,VPN Gateway - Vpn Connection,,avm/res/network/vpn-gateway/vpn-connection,avm/res/network/vpn-gateway,Available,https://github.com/Azure/bicep-registry-modules/tree/main/avm/res/network/vpn-gateway/vpn-connection,br/public:avm/res/network/vpn-gateway/vpn-connection:X.Y.Z,46d3xbcp.res.network-vpngateway-vpnconnection,fabmas,Fabio Masciotra,,,,AVM Child Module for VPN Gateway - Vpn Connection,Bulk-added child module,2026-05
Microsoft.Network,vpnServerConfigurations,VPN Server Configuration,,avm/res/network/vpn-server-configuration,n/a,Available,https://github.com/Azure/bicep-registry-modules/tree/main/avm/res/network/vpn-server-configuration,br/public:avm/res/network/vpn-server-configuration:X.Y.Z,46d3xbcp.res.network-vpnserverconfiguration,ericscheffler,Eric Scheffler,,,,AVM Resource Module for VPN Server Configuration,,2024-10
Microsoft.Network,vpnSites,VPN Site,,avm/res/network/vpn-site,n/a,Available,https://github.com/Azure/bicep-registry-modules/tree/main/avm/res/network/vpn-site,br/public:avm/res/network/vpn-site:X.Y.Z,46d3xbcp.res.network-vpnsite,fabmas,Fabio Masciotra,,,,AVM Resource Module for VPN Site,,2023-12
Microsoft.OperationalInsights,clusters,Log Analytics Dedicated Cluster,,avm/res/operational-insights/cluster,n/a,Available,https://github.com/Azure/bicep-registry-modules/tree/main/avm/res/operational-insights/cluster,br/public:avm/res/operational-insights/cluster:X.Y.Z,46d3xbcp.res.operationalinsights-cluster,abhishekaryams,Abhishek Arya,,,,AVM Resource Module for Log Analytics Dedicated Cluster,,2025-11
Microsoft.OperationalInsights,workspaces,Log Analytics Workspace,,avm/res/operational-insights/workspace,n/a,Available,https://github.com/Azure/bicep-registry-modules/tree/main/avm/res/operational-insights/workspace,br/public:avm/res/operational-insights/workspace:X.Y.Z,46d3xbcp.res.operationalinsights-workspace,krbar,Kris Baranek,,,,AVM Resource Module for Log Analytics Workspace,,2023-11
Microsoft.OperationalInsights,workspaces/dataExports,Log Analytics Workspace - Data Export,,avm/res/operational-insights/workspace/data-export,avm/res/operational-insights/workspace,Available,https://github.com/Azure/bicep-registry-modules/tree/main/avm/res/operational-insights/workspace/data-export,br/public:avm/res/operational-insights/workspace/data-export:X.Y.Z,46d3xbcp.res.opins-worksp-dataexport,krbar,Kris Baranek,,,,AVM Child Module for Log Analytics Workspace - Data Export,Bulk-added child module,2026-05
Microsoft.OperationalInsights,workspaces/dataSources,Log Analytics Workspace - Data Source,,avm/res/operational-insights/workspace/data-source,avm/res/operational-insights/workspace,Available,https://github.com/Azure/bicep-registry-modules/tree/main/avm/res/operational-insights/workspace/data-source,br/public:avm/res/operational-insights/workspace/data-source:X.Y.Z,46d3xbcp.res.opins-worksp-datasource,krbar,Kris Baranek,,,,AVM Child Module for Log Analytics Workspace - Data Source,Bulk-added child module,2026-05
Microsoft.OperationalInsights,workspaces/linkedServices,Log Analytics Workspace - Linked Service,,avm/res/operational-insights/workspace/linked-service,avm/res/operational-insights/workspace,Available,https://github.com/Azure/bicep-registry-modules/tree/main/avm/res/operational-insights/workspace/linked-service,br/public:avm/res/operational-insights/workspace/linked-service:X.Y.Z,46d3xbcp.res.opins-worksp-linkedservice,krbar,Kris Baranek,,,,AVM Child Module for Log Analytics Workspace - Linked Service,Bulk-added child module,2026-05
Microsoft.OperationalInsights,workspaces/linkedStorageAccounts,Log Analytics Workspace - Linked Storage Account,,avm/res/operational-insights/workspace/linked-storage-account,avm/res/operational-insights/workspace,Available,https://github.com/Azure/bicep-registry-modules/tree/main/avm/res/operational-insights/workspace/linked-storage-account,br/public:avm/res/operational-insights/workspace/linked-storage-account:X.Y.Z,46d3xbcp.res.opins-worksp-linkedstgaccount,krbar,Kris Baranek,,,,AVM Child Module for Log Analytics Workspace - Linked Storage Account,Bulk-added child module,2026-05
Microsoft.OperationalInsights,workspaces/savedSearches,Log Analytics Workspace - Saved Search,,avm/res/operational-insights/workspace/saved-search,avm/res/operational-insights/workspace,Available,https://github.com/Azure/bicep-registry-modules/tree/main/avm/res/operational-insights/workspace/saved-search,br/public:avm/res/operational-insights/workspace/saved-search:X.Y.Z,46d3xbcp.res.opins-worksp-savedsearch,krbar,Kris Baranek,,,,AVM Child Module for Log Analytics Workspace - Saved Search,Bulk-added child module,2026-05
Microsoft.OperationalInsights,workspaces/storageInsightConfigs,Log Analytics Workspace - Storage Insight Config,,avm/res/operational-insights/workspace/storage-insight-config,avm/res/operational-insights/workspace,Available,https://github.com/Azure/bicep-registry-modules/tree/main/avm/res/operational-insights/workspace/storage-insight-config,br/public:avm/res/operational-insights/workspace/storage-insight-config:X.Y.Z,46d3xbcp.res.opins-worksp-stginsightconfig,krbar,Kris Baranek,,,,AVM Child Module for Log Analytics Workspace - Storage Insight Config,Bulk-added child module,2026-05
Microsoft.OperationalInsights,workspaces/tables,Log Analytics Workspace - Table,,avm/res/operational-insights/workspace/table,avm/res/operational-insights/workspace,Available,https://github.com/Azure/bicep-registry-modules/tree/main/avm/res/operational-insights/workspace/table,br/public:avm/res/operational-insights/workspace/table:X.Y.Z,46d3xbcp.res.opins-worksp-table,krbar,Kris Baranek,,,,AVM Child Module for Log Analytics Workspace - Table,Bulk-added child module,2026-05
Microsoft.OperationsManagement,solutions,Operations Management Solution,,avm/res/operations-management/solution,n/a,Available,https://github.com/Azure/bicep-registry-modules/tree/main/avm/res/operations-management/solution,br/public:avm/res/operations-management/solution:X.Y.Z,46d3xbcp.res.operationsmanagement-solution,krbar,Kris Baranek,,,,AVM Resource Module for Operations Management Solution,,2023-11
Microsoft.Portal,dashboards,Portal Dashboard,,avm/res/portal/dashboard,n/a,Available,https://github.com/Azure/bicep-registry-modules/tree/main/avm/res/portal/dashboard,br/public:avm/res/portal/dashboard:X.Y.Z,46d3xbcp.res.portal-dashboard,krbar,Kris Baranek,,,,AVM Resource Module for Portal Dashboard,,2024-06
Microsoft.PowerBIDedicated,capacities,Power BI Dedicated Capacity,,avm/res/power-bi-dedicated/capacity,n/a,Available,https://github.com/Azure/bicep-registry-modules/tree/main/avm/res/power-bi-dedicated/capacity,br/public:avm/res/power-bi-dedicated/capacity:X.Y.Z,46d3xbcp.res.powerbidedicated-capacity,ChrisSidebotham,ChrisSidebotham-MSFT,,,,AVM Resource Module for Power BI Dedicated Capacity,,2023-11
Microsoft.Purview,accounts,Purview Account,,avm/res/purview/account,n/a,Available,https://github.com/Azure/bicep-registry-modules/tree/main/avm/res/purview/account,br/public:avm/res/purview/account:X.Y.Z,46d3xbcp.res.purview-account,abhishekaryams,Abhishek Arya,,,,AVM Resource Module for Purview Account,,2024-03
Microsoft.RecoveryServices,vaults,Recovery Services Vault,,avm/res/recovery-services/vault,n/a,Available,https://github.com/Azure/bicep-registry-modules/tree/main/avm/res/recovery-services/vault,br/public:avm/res/recovery-services/vault:X.Y.Z,46d3xbcp.res.recoveryservices-vault,alexanderojala,Alexander Ojala,,,,AVM Resource Module for Recovery Services Vault,,2024-03
Microsoft.RecoveryServices,vaults/backupconfig,Recovery Services Vault - Backup Config,,avm/res/recovery-services/vault/backup-config,avm/res/recovery-services/vault,Available,https://github.com/Azure/bicep-registry-modules/tree/main/avm/res/recovery-services/vault/backup-config,br/public:avm/res/recovery-services/vault/backup-config:X.Y.Z,46d3xbcp.res.recsvcs-vault-backupconfig,alexanderojala,Alexander Ojala,,,,AVM Child Module for Recovery Services Vault - Backup Config,Bulk-added child module,2026-05
Microsoft.RecoveryServices,vaults/backupFabrics/protectionContainers/protectedItems,Recovery Services Vault - Backup Fabric - Prot Cont - Protected Item,,avm/res/recovery-services/vault/backup-fabric/protection-container/protected-item,avm/res/recovery-services/vault,Available,https://github.com/Azure/bicep-registry-modules/tree/main/avm/res/recovery-services/vault/backup-fabric/protection-container/protected-item,br/public:avm/res/recovery-services/vault/backup-fabric/protection-container/protected-item:X.Y.Z,46d3xbcp.res.recsvcs-vault-bckpfabprotcontprotitm,alexanderojala,Alexander Ojala,,,,AVM Child Module for Recovery Services Vault - Backup Fabric - Prot Cont - Protected Item,Bulk-added child module,2026-05
Microsoft.RecoveryServices,vaults/backupPolicies,Recovery Services Vault - Backup Policy,,avm/res/recovery-services/vault/backup-policy,avm/res/recovery-services/vault,Available,https://github.com/Azure/bicep-registry-modules/tree/main/avm/res/recovery-services/vault/backup-policy,br/public:avm/res/recovery-services/vault/backup-policy:X.Y.Z,46d3xbcp.res.recsvcs-vault-backuppolicy,alexanderojala,Alexander Ojala,,,,AVM Child Module for Recovery Services Vault - Backup Policy,Bulk-added child module,2026-05
Microsoft.RecoveryServices,vaults/replicationAlertSettings,Recovery Services Vault - Replication Alert Setting,,avm/res/recovery-services/vault/replication-alert-setting,avm/res/recovery-services/vault,Available,https://github.com/Azure/bicep-registry-modules/tree/main/avm/res/recovery-services/vault/replication-alert-setting,br/public:avm/res/recovery-services/vault/replication-alert-setting:X.Y.Z,46d3xbcp.res.recsvcs-vault-replalertsetting,alexanderojala,Alexander Ojala,,,,AVM Child Module for Recovery Services Vault - Replication Alert Setting,Bulk-added child module,2026-05
Microsoft.RecoveryServices,vaults/replicationFabrics,Recovery Services Vault - Replication Fabric,,avm/res/recovery-services/vault/replication-fabric,avm/res/recovery-services/vault,Available,https://github.com/Azure/bicep-registry-modules/tree/main/avm/res/recovery-services/vault/replication-fabric,br/public:avm/res/recovery-services/vault/replication-fabric:X.Y.Z,46d3xbcp.res.recsvcs-vault-repfab,alexanderojala,Alexander Ojala,,,,AVM Child Module for Recovery Services Vault - Replication Fabric,Bulk-added child module,2026-05
Microsoft.RecoveryServices,vaults/replicationFabrics/replicationProtectionContainers,Recovery Services Vault - Repli Fabric - Repl Protection Container,,avm/res/recovery-services/vault/replication-fabric/replication-protection-container,avm/res/recovery-services/vault,Available,https://github.com/Azure/bicep-registry-modules/tree/main/avm/res/recovery-services/vault/replication-fabric/replication-protection-container,br/public:avm/res/recovery-services/vault/replication-fabric/replication-protection-container:X.Y.Z,46d3xbcp.res.recsvcs-vault-repfabrepprotcontainer,alexanderojala,Alexander Ojala,,,,AVM Child Module for Recovery Services Vault - Repli Fabric - Repl Protection Container,Bulk-added child module,2026-05
Microsoft.RecoveryServices,vaults/replicationFabrics/replicationProtectionContainers/replicationProtectionContainerMappings,Recovery Services Vault - Repl Fabric - Repl Prot Cont - Mapping,,avm/res/recovery-services/vault/replication-fabric/replication-protection-container/replication-protection-container-mapping,avm/res/recovery-services/vault,Available,https://github.com/Azure/bicep-registry-modules/tree/main/avm/res/recovery-services/vault/replication-fabric/replication-protection-container/replication-protection-container-mapping,br/public:avm/res/recovery-services/vault/replication-fabric/replication-protection-container/replication-protection-container-mapping:X.Y.Z,46d3xbcp.res.recsvcs-vault-repfabrepprotcontmap,alexanderojala,Alexander Ojala,,,,AVM Child Module for Recovery Services Vault - Repl Fabric - Repl Prot Cont - Mapping,Bulk-added child module,2026-05
Microsoft.RecoveryServices,vaults/replicationPolicies,Recovery Services Vault - Replication Policy,,avm/res/recovery-services/vault/replication-policy,avm/res/recovery-services/vault,Available,https://github.com/Azure/bicep-registry-modules/tree/main/avm/res/recovery-services/vault/replication-policy,br/public:avm/res/recovery-services/vault/replication-policy:X.Y.Z,46d3xbcp.res.recsvcs-vault-replicationpolicy,alexanderojala,Alexander Ojala,,,,AVM Child Module for Recovery Services Vault - Replication Policy,Bulk-added child module,2026-05
Microsoft.Relay,namespaces,Relay Namespace,,avm/res/relay/namespace,n/a,Available,https://github.com/Azure/bicep-registry-modules/tree/main/avm/res/relay/namespace,br/public:avm/res/relay/namespace:X.Y.Z,46d3xbcp.res.relay-namespace,krbar,Kris Baranek,,,,AVM Resource Module for Relay Namespace,,2024-03
Microsoft.Relay,namespaces/authorizationRules,Relay Namespace - Authorization Rule,,avm/res/relay/namespace/authorization-rule,avm/res/relay/namespace,Available,https://github.com/Azure/bicep-registry-modules/tree/main/avm/res/relay/namespace/authorization-rule,br/public:avm/res/relay/namespace/authorization-rule:X.Y.Z,46d3xbcp.res.relay-namespace-authorizationrule,krbar,Kris Baranek,,,,AVM Child Module for Relay Namespace - Authorization Rule,Bulk-added child module,2026-04
Microsoft.Relay,namespaces/hybridConnections,Relay Namespace - Hybrid Connection,,avm/res/relay/namespace/hybrid-connection,avm/res/relay/namespace,Available,https://github.com/Azure/bicep-registry-modules/tree/main/avm/res/relay/namespace/hybrid-connection,br/public:avm/res/relay/namespace/hybrid-connection:X.Y.Z,46d3xbcp.res.relay-namespace-hybconn,krbar,Kris Baranek,,,,AVM Child Module for Relay Namespace - Hybrid Connection,Bulk-added child module,2026-04
Microsoft.Relay,namespaces/hybridConnections/authorizationRules,Relay Namespace - Hybrid Connection - Authorization Rule,,avm/res/relay/namespace/hybrid-connection/authorization-rule,avm/res/relay/namespace,Available,https://github.com/Azure/bicep-registry-modules/tree/main/avm/res/relay/namespace/hybrid-connection/authorization-rule,br/public:avm/res/relay/namespace/hybrid-connection/authorization-rule:X.Y.Z,46d3xbcp.res.relay-namespace-hybconnautzrule,krbar,Kris Baranek,,,,AVM Child Module for Relay Namespace - Hybrid Connection - Authorization Rule,Bulk-added child module,2026-04
Microsoft.Relay,namespaces/networkRuleSets,Relay Namespace - Network Rule Set,,avm/res/relay/namespace/network-rule-set,avm/res/relay/namespace,Available,https://github.com/Azure/bicep-registry-modules/tree/main/avm/res/relay/namespace/network-rule-set,br/public:avm/res/relay/namespace/network-rule-set:X.Y.Z,46d3xbcp.res.relay-namespace-networkruleset,krbar,Kris Baranek,,,,AVM Child Module for Relay Namespace - Network Rule Set,Bulk-added child module,2026-04
Microsoft.Relay,namespaces/wcfRelays,Relay Namespace - Wcf Relay,,avm/res/relay/namespace/wcf-relay,avm/res/relay/namespace,Available,https://github.com/Azure/bicep-registry-modules/tree/main/avm/res/relay/namespace/wcf-relay,br/public:avm/res/relay/namespace/wcf-relay:X.Y.Z,46d3xbcp.res.relay-namespace-wcfrelay,krbar,Kris Baranek,,,,AVM Child Module for Relay Namespace - Wcf Relay,Bulk-added child module,2026-04
Microsoft.Relay,namespaces/wcfRelays/authorizationRules,Relay Namespace - Wcf Relay - Authorization Rule,,avm/res/relay/namespace/wcf-relay/authorization-rule,avm/res/relay/namespace,Available,https://github.com/Azure/bicep-registry-modules/tree/main/avm/res/relay/namespace/wcf-relay/authorization-rule,br/public:avm/res/relay/namespace/wcf-relay/authorization-rule:X.Y.Z,46d3xbcp.res.relay-namespace-wcfrelayauthzrule,krbar,Kris Baranek,,,,AVM Child Module for Relay Namespace - Wcf Relay - Authorization Rule,Bulk-added child module,2026-04
Microsoft.ResourceGraph,queries,Resource Graph Query,,avm/res/resource-graph/query,n/a,Available,https://github.com/Azure/bicep-registry-modules/tree/main/avm/res/resource-graph/query,br/public:avm/res/resource-graph/query:X.Y.Z,46d3xbcp.resourcegraph-query,sebassem,Seif Bassem,,,,AVM Resource Module for Resource Graph Query,,2023-11
Microsoft.Resources,deploymentScripts,Deployment Script,,avm/res/resources/deployment-script,n/a,Available,https://github.com/Azure/bicep-registry-modules/tree/main/avm/res/resources/deployment-script,br/public:avm/res/resources/deployment-script:X.Y.Z,46d3xbcp.res.resources-deploymentscript,sebassem,Seif Bassem,,,,AVM Resource Module for Deployment Script,,2023-11
Microsoft.Resources,resourceGroups,Resource Group,RG,avm/res/resources/resource-group,n/a,Available,https://github.com/Azure/bicep-registry-modules/tree/main/avm/res/resources/resource-group,br/public:avm/res/resources/resource-group:X.Y.Z,46d3xbcp.res.resources-resourcegroup,segraef,Sebastian Gräf,,,,AVM Resource Module for Resource Group,,2023-12
Microsoft.Scom,managedInstances,SCOM MI,,avm/res/scom/managed-instance,n/a,Proposed,https://github.com/Azure/bicep-registry-modules/tree/main/avm/res/scom/managed-instance,br/public:avm/res/scom/managed-instance:X.Y.Z,46d3xbcp.res.scom-managedinstance,,,,,,AVM Resource Module for SCOM MI,,
Microsoft.Search,searchServices,Search Service,,avm/res/search/search-service,n/a,Available,https://github.com/Azure/bicep-registry-modules/tree/main/avm/res/search/search-service,br/public:avm/res/search/search-service:X.Y.Z,46d3xbcp.res.search-searchservice,krbar,Kris Baranek,,,,AVM Resource Module for Search Service,,2023-11
Microsoft.Search,searchServices/sharedPrivateLinkResources,Search Service - Shared Private Link Resource,,avm/res/search/search-service/shared-private-link-resource,avm/res/search/search-service,Available,https://github.com/Azure/bicep-registry-modules/tree/main/avm/res/search/search-service/shared-private-link-resource,br/public:avm/res/search/search-service/shared-private-link-resource:X.Y.Z,46d3xbcp.res.search-searchsvc-sharedprivlinkres,krbar,Kris Baranek,,,,AVM Child Module for Search Service - Shared Private Link Resource,Bulk-added child module,2026-05
Microsoft.SecurityInsights,dataConnectors,Security Insights - Data Connector,,avm/res/security-insights/data-connector,n/a,Orphaned,https://github.com/Azure/bicep-registry-modules/tree/main/avm/res/security-insights/data-connector,br/public:avm/res/security-insights/data-connector:X.Y.Z,46d3xbcp.res.securityinsights-dataconnector,,,,,,AVM Resource Module for Security Insights - Data Connector,,2025-05
Microsoft.SecurityInsights,onboardingStates,Security Insights - Onboarding State,,avm/res/security-insights/onboarding-state,n/a,Proposed,https://github.com/Azure/bicep-registry-modules/tree/main/avm/res/security-insights/onboarding-state,br/public:avm/res/security-insights/onboarding-state:X.Y.Z,46d3xbcp.res.securityinsights-onboardingstate,,,,,,AVM Resource Module for Security Insights - Onboarding State,,
Microsoft.SecurityInsights,settings,Security Insights - Setting,,avm/res/security-insights/setting,n/a,Available,https://github.com/Azure/bicep-registry-modules/tree/main/avm/res/security-insights/setting,br/public:avm/res/security-insights/setting:X.Y.Z,46d3xbcp.res.securityinsights-setting,TomazMlakar,Tomaz Mlakar,,,,AVM Resource Module for Security Insights - Setting,,2025-05
Microsoft.ServiceBus,namespaces,Service Bus Namespace,,avm/res/service-bus/namespace,n/a,Available,https://github.com/Azure/bicep-registry-modules/tree/main/avm/res/service-bus/namespace,br/public:avm/res/service-bus/namespace:X.Y.Z,46d3xbcp.res.servicebus-namespace,ChrisSidebotham,ChrisSidebotham-MSFT,,,,AVM Resource Module for Service Bus Namespace,,2023-12
Microsoft.ServiceBus,namespaces/AuthorizationRules,Service Bus Namespace - Authorization Rule,,avm/res/service-bus/namespace/authorization-rule,avm/res/service-bus/namespace,Available,https://github.com/Azure/bicep-registry-modules/tree/main/avm/res/service-bus/namespace/authorization-rule,br/public:avm/res/service-bus/namespace/authorization-rule:X.Y.Z,46d3xbcp.res.servicebus-namespace-authzrule,ChrisSidebotham,ChrisSidebotham-MSFT,,,,AVM Child Module for Service Bus Namespace - Authorization Rule,Bulk-added child module,2026-05
Microsoft.ServiceBus,namespaces/disasterRecoveryConfigs,Service Bus Namespace - Disaster Recovery Config,,avm/res/service-bus/namespace/disaster-recovery-config,avm/res/service-bus/namespace,Available,https://github.com/Azure/bicep-registry-modules/tree/main/avm/res/service-bus/namespace/disaster-recovery-config,br/public:avm/res/service-bus/namespace/disaster-recovery-config:X.Y.Z,46d3xbcp.res.servicebus-namespace-drconfig,ChrisSidebotham,ChrisSidebotham-MSFT,,,,AVM Child Module for Service Bus Namespace - Disaster Recovery Config,Bulk-added child module,2026-05
Microsoft.ServiceBus,namespaces/migrationConfigurations,Service Bus Namespace - Migration Configuration,,avm/res/service-bus/namespace/migration-configuration,avm/res/service-bus/namespace,Available,https://github.com/Azure/bicep-registry-modules/tree/main/avm/res/service-bus/namespace/migration-configuration,br/public:avm/res/service-bus/namespace/migration-configuration:X.Y.Z,46d3xbcp.res.servicebus-namespace-migrconfig,ChrisSidebotham,ChrisSidebotham-MSFT,,,,AVM Child Module for Service Bus Namespace - Migration Configuration,Bulk-added child module,2026-05
Microsoft.ServiceBus,namespaces/networkRuleSets,Service Bus Namespace - Network Rule Set,,avm/res/service-bus/namespace/network-rule-set,avm/res/service-bus/namespace,Available,https://github.com/Azure/bicep-registry-modules/tree/main/avm/res/service-bus/namespace/network-rule-set,br/public:avm/res/service-bus/namespace/network-rule-set:X.Y.Z,46d3xbcp.res.servicebus-namespace-netruleset,ChrisSidebotham,ChrisSidebotham-MSFT,,,,AVM Child Module for Service Bus Namespace - Network Rule Set,Bulk-added child module,2026-05
Microsoft.ServiceBus,namespaces/queues,Service Bus Namespace - Queue,,avm/res/service-bus/namespace/queue,avm/res/service-bus/namespace,Available,https://github.com/Azure/bicep-registry-modules/tree/main/avm/res/service-bus/namespace/queue,br/public:avm/res/service-bus/namespace/queue:X.Y.Z,46d3xbcp.res.servicebus-namespacequeue,ChrisSidebotham,ChrisSidebotham-MSFT,,,,AVM Child Module for Service Bus Namespace - Queue,,2026-01
Microsoft.ServiceBus,namespaces/queues/authorizationRules,Service Bus Namespace - Queue - Authorization Rule,,avm/res/service-bus/namespace/queue/authorization-rule,avm/res/service-bus/namespace,Available,https://github.com/Azure/bicep-registry-modules/tree/main/avm/res/service-bus/namespace/queue/authorization-rule,br/public:avm/res/service-bus/namespace/queue/authorization-rule:X.Y.Z,46d3xbcp.res.servicebus-namespace-queueauthzrule,ChrisSidebotham,ChrisSidebotham-MSFT,,,,AVM Child Module for Service Bus Namespace - Queue - Authorization Rule,Bulk-added child module,2026-05
Microsoft.ServiceBus,namespaces/topics,Service Bus Namespace - Topic,,avm/res/service-bus/namespace/topic,avm/res/service-bus/namespace,Available,https://github.com/Azure/bicep-registry-modules/tree/main/avm/res/service-bus/namespace/topic,br/public:avm/res/service-bus/namespace/topic:X.Y.Z,46d3xbcp.res.servicebus-namespacetopic,ChrisSidebotham,ChrisSidebotham-MSFT,,,,AVM Child Module for Service Bus Namespace - Topic,,2026-01
Microsoft.ServiceBus,namespaces/topics/authorizationRules,Service Bus Namespace - Topic - Authorization Rule,,avm/res/service-bus/namespace/topic/authorization-rule,avm/res/service-bus/namespace,Available,https://github.com/Azure/bicep-registry-modules/tree/main/avm/res/service-bus/namespace/topic/authorization-rule,br/public:avm/res/service-bus/namespace/topic/authorization-rule:X.Y.Z,46d3xbcp.res.servicebus-namespace-topicauthzrule,ChrisSidebotham,ChrisSidebotham-MSFT,,,,AVM Child Module for Service Bus Namespace - Topic - Authorization Rule,Bulk-added child module,2026-05
Microsoft.ServiceBus,namespaces/topics/subscriptions,Service Bus Namespace - Topic - Subscription,,avm/res/service-bus/namespace/topic/subscription,avm/res/service-bus/namespace,Available,https://github.com/Azure/bicep-registry-modules/tree/main/avm/res/service-bus/namespace/topic/subscription,br/public:avm/res/service-bus/namespace/topic/subscription:X.Y.Z,46d3xbcp.res.servicebus-namespace-topicsub,ChrisSidebotham,ChrisSidebotham-MSFT,,,,AVM Child Module for Service Bus Namespace - Topic - Subscription,Bulk-added child module,2026-05
Microsoft.ServiceBus,namespaces/topics/subscriptions/rules,Service Bus Namespace - Topic - Subscription - Rule,,avm/res/service-bus/namespace/topic/subscription/rule,avm/res/service-bus/namespace,Available,https://github.com/Azure/bicep-registry-modules/tree/main/avm/res/service-bus/namespace/topic/subscription/rule,br/public:avm/res/service-bus/namespace/topic/subscription/rule:X.Y.Z,46d3xbcp.res.servicebus-namespace-topicsubrule,ChrisSidebotham,ChrisSidebotham-MSFT,,,,AVM Child Module for Service Bus Namespace - Topic - Subscription - Rule,Bulk-added child module,2026-05
Microsoft.ServiceFabric,clusters,Service Fabric Cluster,,avm/res/service-fabric/cluster,n/a,Available,https://github.com/Azure/bicep-registry-modules/tree/main/avm/res/service-fabric/cluster,br/public:avm/res/service-fabric/cluster:X.Y.Z,46d3xbcp.res.servicefabric-cluster,lsnoddy,Luke Snoddy,,,,AVM Resource Module for Service Fabric Cluster,,2024-04
Microsoft.ServiceFabric,clusters/applicationTypes,Service Fabric Cluster - Application Type,,avm/res/service-fabric/cluster/application-type,avm/res/service-fabric/cluster,Available,https://github.com/Azure/bicep-registry-modules/tree/main/avm/res/service-fabric/cluster/application-type,br/public:avm/res/service-fabric/cluster/application-type:X.Y.Z,46d3xbcp.res.servicefabric-cluster-apptype,lsnoddy,Luke Snoddy,,,,AVM Child Module for Service Fabric Cluster - Application Type,Bulk-added child module,2026-05
Microsoft.ServiceNetworking,trafficControllers,Application Gateway for Containers (Traffic Controller),,avm/res/service-networking/traffic-controller,n/a,Available,https://github.com/Azure/bicep-registry-modules/tree/main/avm/res/service-networking/traffic-controller,br/public:avm/res/service-networking/traffic-controller:X.Y.Z,46d3xbcp.res.servicenetworking-trafficcontroller,krbar,Kris Baranek,,,,AVM Resource Module for Application Gateway for Containers (Traffic Controller),,2024-10
Microsoft.ServiceNetworking,trafficControllers/associations,Application Gateway for Containers (Traffic Controller) - Association,,avm/res/service-networking/traffic-controller/association,avm/res/service-networking/traffic-controller,Available,https://github.com/Azure/bicep-registry-modules/tree/main/avm/res/service-networking/traffic-controller/association,br/public:avm/res/service-networking/traffic-controller/association:X.Y.Z,46d3xbcp.res.servicenetworking-traffctrlassoc,krbar,Kris Baranek,,,,AVM Child Module for Application Gateway for Containers (Traffic Controller) - Association,Bulk-added child module,2026-05
Microsoft.ServiceNetworking,trafficControllers/frontends,Application Gateway for Containers (Traffic Controller) - Frontend,,avm/res/service-networking/traffic-controller/frontend,avm/res/service-networking/traffic-controller,Available,https://github.com/Azure/bicep-registry-modules/tree/main/avm/res/service-networking/traffic-controller/frontend,br/public:avm/res/service-networking/traffic-controller/frontend:X.Y.Z,46d3xbcp.res.servicenetworking-traffctrlfrontend,krbar,Kris Baranek,,,,AVM Child Module for Application Gateway for Containers (Traffic Controller) - Frontend,Bulk-added child module,2026-05
Microsoft.ServiceNetworking,trafficControllers/securityPolicies,Application Gateway for Containers (Traffic Controller) - Sec Policy,,avm/res/service-networking/traffic-controller/security-policy,avm/res/service-networking/traffic-controller,Available,https://github.com/Azure/bicep-registry-modules/tree/main/avm/res/service-networking/traffic-controller/security-policy,br/public:avm/res/service-networking/traffic-controller/security-policy:X.Y.Z,46d3xbcp.res.servicenetworking-traffctrlsecpolicy,krbar,Kris Baranek,,,,AVM Child Module for Application Gateway for Containers (Traffic Controller) - Sec Policy,Bulk-added child module,2026-05
Microsoft.SignalRService,signalR,SignalR Service SignalR,,avm/res/signal-r-service/signal-r,n/a,Available,https://github.com/Azure/bicep-registry-modules/tree/main/avm/res/signal-r-service/signal-r,br/public:avm/res/signal-r-service/signal-r:X.Y.Z,46d3xbcp.res.signalrservice-signalr,krbar,Kris Baranek,,,,AVM Resource Module for SignalR Service SignalR,,2024-03
Microsoft.SignalRService,webPubSub,SignalR Web PubSub Service,,avm/res/signal-r-service/web-pub-sub,n/a,Available,https://github.com/Azure/bicep-registry-modules/tree/main/avm/res/signal-r-service/web-pub-sub,br/public:avm/res/signal-r-service/web-pub-sub:X.Y.Z,46d3xbcp.res.signalrservice-webpubsub,krbar,Kris Baranek,,,,AVM Resource Module for SignalR Web PubSub Service,,2024-03
Microsoft.SqlVirtualMachine,sqlVirtualMachines,Sql Virtual Machine,,avm/res/sql-virtual-machine/sql-virtual-machine,n/a,Proposed,https://github.com/Azure/bicep-registry-modules/tree/main/avm/res/sql-virtual-machine/sql-virtual-machine,br/public:avm/res/sql-virtual-machine/sql-virtual-machine:X.Y.Z,46d3xbcp.res.sqlvm-sqlvm,peterbud,Peter Budai,,,,AVM Resource Module for SQL Virtual Machine,,
Microsoft.Sql,instancePools,SQL Instance Pool,,avm/res/sql/instance-pool,n/a,Available,https://github.com/Azure/bicep-registry-modules/tree/main/avm/res/sql/instance-pool,br/public:avm/res/sql/instance-pool:X.Y.Z,46d3xbcp.res.sql-instancepool,gpacetti,,matebarabas,Máté Barabás,,AVM Resource Module for SQL Instance Pool,,2024-04
Microsoft.Sql,managedInstances,SQL Managed Instance,SQL MI,avm/res/sql/managed-instance,n/a,Available,https://github.com/Azure/bicep-registry-modules/tree/main/avm/res/sql/managed-instance,br/public:avm/res/sql/managed-instance:X.Y.Z,46d3xbcp.res.sql-managedinstance,chanakanissanka,Chanaka Nissanka,,,,AVM Resource Module for SQL Managed Instance,,2024-04
Microsoft.Sql,managedInstances/databases,SQL Managed Instance - Database,,avm/res/sql/managed-instance/database,avm/res/sql/managed-instance,Available,https://github.com/Azure/bicep-registry-modules/tree/main/avm/res/sql/managed-instance/database,br/public:avm/res/sql/managed-instance/database:X.Y.Z,46d3xbcp.res.sql-mi-database,chanakanissanka,Chanaka Nissanka,,,,AVM Child Module for SQL Managed Instance - Database,Bulk-added child module,2026-05
Microsoft.Sql,managedInstances/databases/backupLongTermRetentionPolicies,SQL Managed Instance - Database - Backup Long Term Retention Policy,,avm/res/sql/managed-instance/database/backup-long-term-retention-policy,avm/res/sql/managed-instance,Available,https://github.com/Azure/bicep-registry-modules/tree/main/avm/res/sql/managed-instance/database/backup-long-term-retention-policy,br/public:avm/res/sql/managed-instance/database/backup-long-term-retention-policy:X.Y.Z,46d3xbcp.res.sql-mi-dbbckplongermretpolicy,chanakanissanka,Chanaka Nissanka,,,,AVM Child Module for SQL Managed Instance - Database - Backup Long Term Retention Policy,Bulk-added child module,2026-05
Microsoft.Sql,managedInstances/databases/backupShortTermRetentionPolicies,SQL Managed Instance - Database - Backup Short Term Retention Policy,,avm/res/sql/managed-instance/database/backup-short-term-retention-policy,avm/res/sql/managed-instance,Available,https://github.com/Azure/bicep-registry-modules/tree/main/avm/res/sql/managed-instance/database/backup-short-term-retention-policy,br/public:avm/res/sql/managed-instance/database/backup-short-term-retention-policy:X.Y.Z,46d3xbcp.res.sql-mi-dbbckpshortermretpolicy,chanakanissanka,Chanaka Nissanka,,,,AVM Child Module for SQL Managed Instance - Database - Backup Short Term Retention Policy,Bulk-added child module,2026-05
Microsoft.Sql,managedInstances/encryptionProtector,SQL Managed Instance - Encryption Protector,,avm/res/sql/managed-instance/encryption-protector,avm/res/sql/managed-instance,Available,https://github.com/Azure/bicep-registry-modules/tree/main/avm/res/sql/managed-instance/encryption-protector,br/public:avm/res/sql/managed-instance/encryption-protector:X.Y.Z,46d3xbcp.res.sql-mi-encryptionprotecor,chanakanissanka,Chanaka Nissanka,,,,AVM Child Module for SQL Managed Instance - Encryption Protector,Bulk-added child module,2026-05
Microsoft.Sql,managedInstances/keys,SQL Managed Instance - Key,,avm/res/sql/managed-instance/key,avm/res/sql/managed-instance,Available,https://github.com/Azure/bicep-registry-modules/tree/main/avm/res/sql/managed-instance/key,br/public:avm/res/sql/managed-instance/key:X.Y.Z,46d3xbcp.res.sql-mi-key,chanakanissanka,Chanaka Nissanka,,,,AVM Child Module for SQL Managed Instance - Key,Bulk-added child module,2026-05
Microsoft.Sql,managedInstances/securityAlertPolicies,SQL Managed Instance - Security Alert Policy,,avm/res/sql/managed-instance/security-alert-policy,avm/res/sql/managed-instance,Available,https://github.com/Azure/bicep-registry-modules/tree/main/avm/res/sql/managed-instance/security-alert-policy,br/public:avm/res/sql/managed-instance/security-alert-policy:X.Y.Z,46d3xbcp.res.sql-mi-securityalertpolicy,chanakanissanka,Chanaka Nissanka,,,,AVM Child Module for SQL Managed Instance - Security Alert Policy,Bulk-added child module,2026-05
Microsoft.Sql,managedInstances/vulnerabilityAssessments,SQL Managed Instance - Vulnerability Assessment,,avm/res/sql/managed-instance/vulnerability-assessment,avm/res/sql/managed-instance,Available,https://github.com/Azure/bicep-registry-modules/tree/main/avm/res/sql/managed-instance/vulnerability-assessment,br/public:avm/res/sql/managed-instance/vulnerability-assessment:X.Y.Z,46d3xbcp.res.sql-mi-vulnerabilityassessment,chanakanissanka,Chanaka Nissanka,,,,AVM Child Module for SQL Managed Instance - Vulnerability Assessment,Bulk-added child module,2026-05
Microsoft.Sql,servers,Azure SQL Server,,avm/res/sql/server,n/a,Orphaned,https://github.com/Azure/bicep-registry-modules/tree/main/avm/res/sql/server,br/public:avm/res/sql/server:X.Y.Z,46d3xbcp.res.sql-server,,,,,,AVM Resource Module for Azure SQL Server,,2023-11
Microsoft.Sql,servers/auditingSettings,Azure SQL Server - Auditing Setting,,avm/res/sql/server/auditing-setting,avm/res/sql/server,Orphaned,https://github.com/Azure/bicep-registry-modules/tree/main/avm/res/sql/server/auditing-setting,br/public:avm/res/sql/server/auditing-setting:X.Y.Z,46d3xbcp.res.sql-server-auditingsetting,,,,,,AVM Child Module for Azure SQL Server - Auditing Setting,Bulk-added child module,2026-06
Microsoft.Sql,servers/databases,Azure SQL Database,,avm/res/sql/server/database,avm/res/sql/server,Orphaned,https://github.com/Azure/bicep-registry-modules/tree/main/avm/res/sql/server/database,br/public:avm/res/sql/server/database:X.Y.Z,46d3xbcp.res.sql-serverdb,,,,,,AVM Resource Module for Azure SQL Database,,2025-09
Microsoft.Sql,servers/databases/backupLongTermRetentionPolicies,Azure SQL Server - Database - Backup Long Term Retention Policy,,avm/res/sql/server/database/backup-long-term-retention-policy,avm/res/sql/server,Orphaned,https://github.com/Azure/bicep-registry-modules/tree/main/avm/res/sql/server/database/backup-long-term-retention-policy,br/public:avm/res/sql/server/database/backup-long-term-retention-policy:X.Y.Z,46d3xbcp.res.sql-server-dbbckplongtermretpolicy,,,,,,AVM Child Module for Azure SQL Server - Database - Backup Long Term Retention Policy,Bulk-added child module,2026-06
Microsoft.Sql,servers/databases/backupShortTermRetentionPolicies,Azure SQL Server - Database - Backup Short Term Retention Policy,,avm/res/sql/server/database/backup-short-term-retention-policy,avm/res/sql/server,Orphaned,https://github.com/Azure/bicep-registry-modules/tree/main/avm/res/sql/server/database/backup-short-term-retention-policy,br/public:avm/res/sql/server/database/backup-short-term-retention-policy:X.Y.Z,46d3xbcp.res.sql-server-dbbckpshorttermretpolicy,,,,,,AVM Child Module for Azure SQL Server - Database - Backup Short Term Retention Policy,Bulk-added child module,2026-06
Microsoft.Sql,servers/elasticPools,Azure SQL Server - Elastic Pool,,avm/res/sql/server/elastic-pool,avm/res/sql/server,Orphaned,https://github.com/Azure/bicep-registry-modules/tree/main/avm/res/sql/server/elastic-pool,br/public:avm/res/sql/server/elastic-pool:X.Y.Z,46d3xbcp.res.sql-server-elasticpool,,,,,,AVM Child Module for Azure SQL Server - Elastic Pool,Bulk-added child module,2026-06
Microsoft.Sql,servers/encryptionProtector,Azure SQL Server - Encryption Protector,,avm/res/sql/server/encryption-protector,avm/res/sql/server,Orphaned,https://github.com/Azure/bicep-registry-modules/tree/main/avm/res/sql/server/encryption-protector,br/public:avm/res/sql/server/encryption-protector:X.Y.Z,46d3xbcp.res.sql-server-encryptionprotector,,,,,,AVM Child Module for Azure SQL Server - Encryption Protector,Bulk-added child module,2026-06
Microsoft.Sql,servers/failoverGroups,Azure SQL Server - Failover Group,,avm/res/sql/server/failover-group,avm/res/sql/server,Orphaned,https://github.com/Azure/bicep-registry-modules/tree/main/avm/res/sql/server/failover-group,br/public:avm/res/sql/server/failover-group:X.Y.Z,46d3xbcp.res.sql-server-failovergroup,,,,,,AVM Child Module for Azure SQL Server - Failover Group,Bulk-added child module,2026-06
Microsoft.Sql,servers/firewallRules,Azure SQL Server - Firewall Rule,,avm/res/sql/server/firewall-rule,avm/res/sql/server,Orphaned,https://github.com/Azure/bicep-registry-modules/tree/main/avm/res/sql/server/firewall-rule,br/public:avm/res/sql/server/firewall-rule:X.Y.Z,46d3xbcp.res.sql-server-firewallrule,,,,,,AVM Child Module for Azure SQL Server - Firewall Rule,Bulk-added child module,2026-06
Microsoft.Sql,servers/keys,Azure SQL Server - Key,,avm/res/sql/server/key,avm/res/sql/server,Orphaned,https://github.com/Azure/bicep-registry-modules/tree/main/avm/res/sql/server/key,br/public:avm/res/sql/server/key:X.Y.Z,46d3xbcp.res.sql-server-key,,,,,,AVM Child Module for Azure SQL Server - Key,Bulk-added child module,2026-06
Microsoft.Sql,servers/securityAlertPolicies,Azure SQL Server - Security Alert Policy,,avm/res/sql/server/security-alert-policy,avm/res/sql/server,Orphaned,https://github.com/Azure/bicep-registry-modules/tree/main/avm/res/sql/server/security-alert-policy,br/public:avm/res/sql/server/security-alert-policy:X.Y.Z,46d3xbcp.res.sql-server-securityalertpolicy,,,,,,AVM Child Module for Azure SQL Server - Security Alert Policy,Bulk-added child module,2026-06
Microsoft.Sql,servers/virtualNetworkRules,Azure SQL Server - Virtual Network Rule,,avm/res/sql/server/virtual-network-rule,avm/res/sql/server,Orphaned,https://github.com/Azure/bicep-registry-modules/tree/main/avm/res/sql/server/virtual-network-rule,br/public:avm/res/sql/server/virtual-network-rule:X.Y.Z,46d3xbcp.res.sql-server-virtualnetworkrule,,,,,,AVM Child Module for Azure SQL Server - Virtual Network Rule,Bulk-added child module,2026-06
Microsoft.Sql,servers/vulnerabilityAssessments,Azure SQL Server - Vulnerability Assessment,,avm/res/sql/server/vulnerability-assessment,avm/res/sql/server,Orphaned,https://github.com/Azure/bicep-registry-modules/tree/main/avm/res/sql/server/vulnerability-assessment,br/public:avm/res/sql/server/vulnerability-assessment:X.Y.Z,46d3xbcp.res.sql-server-vulnerabilityassessment,,,,,,AVM Child Module for Azure SQL Server - Vulnerability Assessment,Bulk-added child module,2026-06
Microsoft.Storage,storageAccounts,Storage Account,,avm/res/storage/storage-account,n/a,Available,https://github.com/Azure/bicep-registry-modules/tree/main/avm/res/storage/storage-account,br/public:avm/res/storage/storage-account:X.Y.Z,46d3xbcp.res.storage-storageaccount,fblix,Felix Borst,,,,AVM Resource Module for Storage Account,,2024-01
Microsoft.Storage,storageAccounts/blobServices,Storage Account - Blob Service,,avm/res/storage/storage-account/blob-service,avm/res/storage/storage-account,Available,https://github.com/Azure/bicep-registry-modules/tree/main/avm/res/storage/storage-account/blob-service,br/public:avm/res/storage/storage-account/blob-service:X.Y.Z,46d3xbcp.res.storage-storageaccount-blobservice,fblix,Felix Borst,,,,AVM Child Module for Storage Account - Blob Service,Bulk-added child module,2026-05
Microsoft.Storage,storageAccounts/blobServices/containers,Storage Account - Blob Container,,avm/res/storage/storage-account/blob-service/container,avm/res/storage/storage-account,Available,https://github.com/Azure/bicep-registry-modules/tree/main/avm/res/storage/storage-account/blob-service/container,br/public:avm/res/storage/storage-account/blob-service/container:X.Y.Z,46d3xbcp.res.storage-blobcontainer,fblix,Felix Borst,,,,AVM Child Module for Storage Account - Blob Container,,2025-06
Microsoft.Storage,storageAccounts/blobServices/containers/immutabilityPolicies,Storage Account - Blob Container Immutability Policy,,avm/res/storage/storage-account/blob-service/container/immutability-policy,avm/res/storage/storage-account,Available,https://github.com/Azure/bicep-registry-modules/tree/main/avm/res/storage/storage-account/blob-service/container/immutability-policy,br/public:avm/res/storage/storage-account/blob-service/container/immutability-policy:X.Y.Z,46d3xbcp.res.storage-containerimmutpolicy,fblix,Felix Borst,,,,AVM Child Module for Storage Account - Blob Container Immutability Policy,,2026-03
Microsoft.Storage,storageAccounts/fileServices,Storage Account - File Service,,avm/res/storage/storage-account/file-service,avm/res/storage/storage-account,Available,https://github.com/Azure/bicep-registry-modules/tree/main/avm/res/storage/storage-account/file-service,br/public:avm/res/storage/storage-account/file-service:X.Y.Z,46d3xbcp.res.storage-storageaccount-fileservice,fblix,Felix Borst,,,,AVM Child Module for Storage Account - File Service,Bulk-added child module,2026-05
Microsoft.Storage,storageAccounts/fileServices/shares,Storage Account - File Share,,avm/res/storage/storage-account/file-service/share,avm/res/storage/storage-account,Available,https://github.com/Azure/bicep-registry-modules/tree/main/avm/res/storage/storage-account/file-service/share,br/public:avm/res/storage/storage-account/file-service/share:X.Y.Z,46d3xbcp.res.storage-fileshare,fblix,Felix Borst,,,,AVM Child Module for Storage Account - File Share,,2025-07
Microsoft.Storage,storageAccounts/localUsers,Storage Account - Local User,,avm/res/storage/storage-account/local-user,avm/res/storage/storage-account,Available,https://github.com/Azure/bicep-registry-modules/tree/main/avm/res/storage/storage-account/local-user,br/public:avm/res/storage/storage-account/local-user:X.Y.Z,46d3xbcp.res.storage-localuser,fblix,Felix Borst,,,,AVM Child Module for Storage Account - Local User,,2026-03
Microsoft.Storage,storageAccounts/managementPolicies,Storage Account - Management Policy,,avm/res/storage/storage-account/management-policy,avm/res/storage/storage-account,Available,https://github.com/Azure/bicep-registry-modules/tree/main/avm/res/storage/storage-account/management-policy,br/public:avm/res/storage/storage-account/management-policy:X.Y.Z,46d3xbcp.res.storage-mgmtpolicy,fblix,Felix Borst,,,,AVM Child Module for Storage Account - Management Policy,,2026-03
Microsoft.Storage,storageAccounts/objectReplicationPolicies,Storage Account - Object Replication Policy,,avm/res/storage/storage-account/object-replication-policy,avm/res/storage/storage-account,Available,https://github.com/Azure/bicep-registry-modules/tree/main/avm/res/storage/storage-account/object-replication-policy,br/public:avm/res/storage/storage-account/object-replication-policy:X.Y.Z,46d3xbcp.res.storage-storacct-objectreplpolicy,fblix,Felix Borst,,,,AVM Child Module for Storage Account - Object Replication Policy,Bulk-added child module,2026-05
Microsoft.Storage,storageAccounts/objectReplicationPolicies,Storage Account - Object Replication Policy - Policy,,avm/res/storage/storage-account/object-replication-policy/policy,avm/res/storage/storage-account,Available,https://github.com/Azure/bicep-registry-modules/tree/main/avm/res/storage/storage-account/object-replication-policy/policy,br/public:avm/res/storage/storage-account/object-replication-policy/policy:X.Y.Z,46d3xbcp.res.storage-storacct-objectreplpolicypol,fblix,Felix Borst,,,,AVM Child Module for Storage Account - Object Replication Policy - Policy,Bulk-added child module,2026-05
Microsoft.Storage,storageAccounts/queueServices,Storage Account - Queue Service,,avm/res/storage/storage-account/queue-service,avm/res/storage/storage-account,Available,https://github.com/Azure/bicep-registry-modules/tree/main/avm/res/storage/storage-account/queue-service,br/public:avm/res/storage/storage-account/queue-service:X.Y.Z,46d3xbcp.res.storage-storageaccount-queueservice,fblix,Felix Borst,,,,AVM Child Module for Storage Account - Queue Service,Bulk-added child module,2026-05
Microsoft.Storage,storageAccounts/queueServices/queues,Storage Account - Queue,,avm/res/storage/storage-account/queue-service/queue,avm/res/storage/storage-account,Available,https://github.com/Azure/bicep-registry-modules/tree/main/avm/res/storage/storage-account/queue-service/queue,br/public:avm/res/storage/storage-account/queue-service/queue:X.Y.Z,46d3xbcp.res.storage-queue,fblix,Felix Borst,,,,AVM Child Module for Storage Account - Queue,,2026-03
Microsoft.Storage,storageAccounts/tableServices,Storage Account - Table Service,,avm/res/storage/storage-account/table-service,avm/res/storage/storage-account,Available,https://github.com/Azure/bicep-registry-modules/tree/main/avm/res/storage/storage-account/table-service,br/public:avm/res/storage/storage-account/table-service:X.Y.Z,46d3xbcp.res.storage-storageaccount-tableservice,fblix,Felix Borst,,,,AVM Child Module for Storage Account - Table Service,Bulk-added child module,2026-05
Microsoft.Storage,storageAccounts/tableServices/tables,Storage Account - Table,,avm/res/storage/storage-account/table-service/table,avm/res/storage/storage-account,Available,https://github.com/Azure/bicep-registry-modules/tree/main/avm/res/storage/storage-account/table-service/table,br/public:avm/res/storage/storage-account/table-service/table:X.Y.Z,46d3xbcp.res.storage-table,fblix,Felix Borst,,,,AVM Child Module for Storage Account - Table,,2026-03
Microsoft.StreamAnalytics,streamingjobs,Stream Analytics Job,,avm/res/stream-analytics/streaming-job,n/a,Proposed,https://github.com/Azure/bicep-registry-modules/tree/main/avm/res/stream-analytics/streaming-job,br/public:avm/res/stream-analytics/streaming-job:X.Y.Z,46d3xbcp.res.streamanalytics-streamingjob,,,,,,AVM Resource Module for Stream Analytics Job,,
Microsoft.Synapse,privateLinkHubs,Azure Synapse Analytics Private Link Hub,,avm/res/synapse/private-link-hub,n/a,Available,https://github.com/Azure/bicep-registry-modules/tree/main/avm/res/synapse/private-link-hub,br/public:avm/res/synapse/private-link-hub:X.Y.Z,46d3xbcp.res.synapse-privatelinkhub,TomazMlakar,Tomaz Mlakar,,,,AVM Resource Module for Azure Synapse Analytics Private Link Hub,,2024-02
Microsoft.Synapse,workspaces,Azure Synapse Analytics Workspace,,avm/res/synapse/workspace,n/a,Available,https://github.com/Azure/bicep-registry-modules/tree/main/avm/res/synapse/workspace,br/public:avm/res/synapse/workspace:X.Y.Z,46d3xbcp.res.synapse-workspace,TomazMlakar,Tomaz Mlakar,,,,AVM Resource Module for Azure Synapse Analytics Workspace,,2024-02
Microsoft.Synapse,workspaces/administrators,Azure Synapse Analytics Workspace - Administrator,,avm/res/synapse/workspace/administrator,avm/res/synapse/workspace,Available,https://github.com/Azure/bicep-registry-modules/tree/main/avm/res/synapse/workspace/administrator,br/public:avm/res/synapse/workspace/administrator:X.Y.Z,46d3xbcp.res.synapse-workspace-administrator,TomazMlakar,Tomaz Mlakar,,,,AVM Child Module for Azure Synapse Analytics Workspace - Administrator,Bulk-added child module,2026-05
Microsoft.Synapse,workspaces/bigDataPools,Azure Synapse Analytics Workspace - Big Data Pool,,avm/res/synapse/workspace/big-data-pool,avm/res/synapse/workspace,Available,https://github.com/Azure/bicep-registry-modules/tree/main/avm/res/synapse/workspace/big-data-pool,br/public:avm/res/synapse/workspace/big-data-pool:X.Y.Z,46d3xbcp.res.synapse-workspace-bigdatapool,TomazMlakar,Tomaz Mlakar,,,,AVM Child Module for Azure Synapse Analytics Workspace - Big Data Pool,Bulk-added child module,2026-05
Microsoft.Synapse,workspaces/firewallRules,Azure Synapse Analytics Workspace - Firewall Rule,,avm/res/synapse/workspace/firewall-rule,avm/res/synapse/workspace,Available,https://github.com/Azure/bicep-registry-modules/tree/main/avm/res/synapse/workspace/firewall-rule,br/public:avm/res/synapse/workspace/firewall-rule:X.Y.Z,46d3xbcp.res.synapse-workspace-firewallrule,TomazMlakar,Tomaz Mlakar,,,,AVM Child Module for Azure Synapse Analytics Workspace - Firewall Rule,Bulk-added child module,2026-05
Microsoft.Synapse,workspaces/integrationRuntimes,Azure Synapse Analytics Workspace - Integration Runtime,,avm/res/synapse/workspace/integration-runtime,avm/res/synapse/workspace,Available,https://github.com/Azure/bicep-registry-modules/tree/main/avm/res/synapse/workspace/integration-runtime,br/public:avm/res/synapse/workspace/integration-runtime:X.Y.Z,46d3xbcp.res.synapse-workspace-integrationruntime,TomazMlakar,Tomaz Mlakar,,,,AVM Child Module for Azure Synapse Analytics Workspace - Integration Runtime,Bulk-added child module,2026-05
Microsoft.Synapse,workspaces/keys,Azure Synapse Analytics Workspace - Key,,avm/res/synapse/workspace/key,avm/res/synapse/workspace,Available,https://github.com/Azure/bicep-registry-modules/tree/main/avm/res/synapse/workspace/key,br/public:avm/res/synapse/workspace/key:X.Y.Z,46d3xbcp.res.synapse-workspace-key,TomazMlakar,Tomaz Mlakar,,,,AVM Child Module for Azure Synapse Analytics Workspace - Key,Bulk-added child module,2026-05
Microsoft.Synapse,workspaces/sqlPools,Azure Synapse Analytics Workspace - Sql Pool,,avm/res/synapse/workspace/sql-pool,avm/res/synapse/workspace,Available,https://github.com/Azure/bicep-registry-modules/tree/main/avm/res/synapse/workspace/sql-pool,br/public:avm/res/synapse/workspace/sql-pool:X.Y.Z,46d3xbcp.res.synapse-workspace-sqlpool,TomazMlakar,Tomaz Mlakar,,,,AVM Child Module for Azure Synapse Analytics Workspace - Sql Pool,Bulk-added child module,2026-05
Microsoft.VirtualMachineImages,imageTemplates,Virtual Machine Image Template,,avm/res/virtual-machine-images/image-template,n/a,Orphaned,https://github.com/Azure/bicep-registry-modules/tree/main/avm/res/virtual-machine-images/image-template,br/public:avm/res/virtual-machine-images/image-template:X.Y.Z,46d3xbcp.res.virtualmachineimages-imagetemplate,,,,,,AVM Resource Module for Virtual Machine Image Template,,2024-02
Microsoft.Web,connection,API Connection,,avm/res/web/connection,n/a,Available,https://github.com/Azure/bicep-registry-modules/tree/main/avm/res/web/connection,br/public:avm/res/web/connection:X.Y.Z,46d3xbcp.res.web-connection,abhishekaryams,Abhishek Arya,krbar,Kris Baranek,,AVM Resource Module for API Connection,,2024-03
Microsoft.Web,hostingEnvironments,App Service Environment,ASE,avm/res/web/hosting-environment,n/a,Available,https://github.com/Azure/bicep-registry-modules/tree/main/avm/res/web/hosting-environment,br/public:avm/res/web/hosting-environment:X.Y.Z,46d3xbcp.res.web-hostingenvironment,tsc-buddy,Buddy,pankajagrawal16,Pankaj Agrawal,,AVM Resource Module for App Service Environment,,2024-03
Microsoft.Web,hostingEnvironments/configurations,App Service Environment - Configuration,,avm/res/web/hosting-environment/configuration,avm/res/web/hosting-environment,Proposed,https://github.com/Azure/bicep-registry-modules/tree/main/avm/res/web/hosting-environment/configuration,br/public:avm/res/web/hosting-environment/configuration:X.Y.Z,46d3xbcp.res.web-hostingenvironment-configuration,tsc-buddy,Buddy,pankajagrawal16,Pankaj Agrawal,,AVM Child Module for App Service Environment - Configuration,Bulk-added child module,
Microsoft.Web,hostingEnvironments/configurations,Hosting Environment Custom DNS Suffix Configuration,,avm/res/web/hosting-environment/configuration--customdnssuffix,avm/res/web/hosting-environment,Proposed,https://github.com/Azure/bicep-registry-modules/tree/main/avm/res/web/hosting-environment/configuration--customdnssuffix,br/public:avm/res/web/hosting-environment/configuration--customdnssuffix:X.Y.Z,,tsc-buddy,Buddy,pankajagrawal16,Pankaj Agrawal,,This module deploys a Hosting Environment Custom DNS Suffix Configuration.,,
Microsoft.Web,serverfarms,App Service Plan,,avm/res/web/serverfarm,n/a,Available,https://github.com/Azure/bicep-registry-modules/tree/main/avm/res/web/serverfarm,br/public:avm/res/web/serverfarm:X.Y.Z,46d3xbcp.res.web-serverfarm,tsc-buddy,Buddy,pankajagrawal16,Pankaj Agrawal,,AVM Resource Module for App Service Plan,,2023-12
Microsoft.Web,sites,Web/Function App,"App Service, Web Site, Logic App, Function App",avm/res/web/site,n/a,Available,https://github.com/Azure/bicep-registry-modules/tree/main/avm/res/web/site,br/public:avm/res/web/site:X.Y.Z,46d3xbcp.res.web-site,tsc-buddy,Buddy,pankajagrawal16,Pankaj Agrawal,,AVM Resource Module for Web/Function App,,2024-01
Microsoft.Web,sites/basicPublishingCredentialsPolicies,Web/Function App - Basic Publishing Credentials Policy,,avm/res/web/site/basic-publishing-credentials-policy,avm/res/web/site,Available,https://github.com/Azure/bicep-registry-modules/tree/main/avm/res/web/site/basic-publishing-credentials-policy,br/public:avm/res/web/site/basic-publishing-credentials-policy:X.Y.Z,46d3xbcp.res.web-site-basicpublishingcredpolicy,tsc-buddy,Buddy,pankajagrawal16,Pankaj Agrawal,,AVM Child Module for Web/Function App - Basic Publishing Credentials Policy,Bulk-added child module,2026-05
Microsoft.Web,sites/config,Web Site Configuration,,avm/res/web/site/config,avm/res/web/site,Available,https://github.com/Azure/bicep-registry-modules/tree/main/avm/res/web/site/config,br/public:avm/res/web/site/config:X.Y.Z,46d3xbcp.res.web-siteconfig,tsc-buddy,Buddy,pankajagrawal16,Pankaj Agrawal,,AVM Child Module for Web Site Configuration,,2025-08
Microsoft.Web,sites/extensions,Web/Function App - Extension,,avm/res/web/site/extension,avm/res/web/site,Available,https://github.com/Azure/bicep-registry-modules/tree/main/avm/res/web/site/extension,br/public:avm/res/web/site/extension:X.Y.Z,46d3xbcp.res.web-site-extension,tsc-buddy,Buddy,pankajagrawal16,Pankaj Agrawal,,AVM Child Module for Web/Function App - Extension,Bulk-added child module,2026-05
Microsoft.Web,sites/hostNameBindings,Web/Function App - Host Name Binding,,avm/res/web/site/host-name-binding,avm/res/web/site,Proposed,https://github.com/Azure/bicep-registry-modules/tree/main/avm/res/web/site/host-name-binding,br/public:avm/res/web/site/host-name-binding:X.Y.Z,46d3xbcp.res.web-site-hostnamebinding,tsc-buddy,Buddy,pankajagrawal16,Pankaj Agrawal,,AVM Child Module for Web/Function App - Host Name Binding,,
Microsoft.Web,sites/hybridConnectionNamespaces/relays,Web/Function App - Hybrid Connection Namespace - Relay,,avm/res/web/site/hybrid-connection-namespace/relay,avm/res/web/site,Available,https://github.com/Azure/bicep-registry-modules/tree/main/avm/res/web/site/hybrid-connection-namespace/relay,br/public:avm/res/web/site/hybrid-connection-namespace/relay:X.Y.Z,46d3xbcp.res.web-site-hybconnnamespacerelay,tsc-buddy,Buddy,pankajagrawal16,Pankaj Agrawal,,AVM Child Module for Web/Function App - Hybrid Connection Namespace - Relay,Bulk-added child module,2026-05
Microsoft.Web,sites/slots,Web Site Slot,,avm/res/web/site/slot,avm/res/web/site,Available,https://github.com/Azure/bicep-registry-modules/tree/main/avm/res/web/site/slot,br/public:avm/res/web/site/slot:X.Y.Z,46d3xbcp.res.web-siteslot,tsc-buddy,Buddy,pankajagrawal16,Pankaj Agrawal,,AVM Child Module for Web Site Slot,,2025-08
Microsoft.Web,sites/slots/basicPublishingCredentialsPolicies,Web/Function App - Slot - Basic Publishing Credentials Policy,,avm/res/web/site/slot/basic-publishing-credentials-policy,avm/res/web/site,Available,https://github.com/Azure/bicep-registry-modules/tree/main/avm/res/web/site/slot/basic-publishing-credentials-policy,br/public:avm/res/web/site/slot/basic-publishing-credentials-policy:X.Y.Z,46d3xbcp.res.web-site-slotbasicpubcredpolicy,tsc-buddy,Buddy,pankajagrawal16,Pankaj Agrawal,,AVM Child Module for Web/Function App - Slot - Basic Publishing Credentials Policy,Bulk-added child module,2026-05
Microsoft.Web,sites/slots/config,Web/Function App - Slot - Config,,avm/res/web/site/slot/config,avm/res/web/site,Available,https://github.com/Azure/bicep-registry-modules/tree/main/avm/res/web/site/slot/config,br/public:avm/res/web/site/slot/config:X.Y.Z,46d3xbcp.res.web-site-slotconfig,tsc-buddy,Buddy,pankajagrawal16,Pankaj Agrawal,,AVM Child Module for Web/Function App - Slot - Config,Bulk-added child module,2026-05
Microsoft.Web,sites/slots/extensions,Web/Function App - Slot - Extension,,avm/res/web/site/slot/extension,avm/res/web/site,Available,https://github.com/Azure/bicep-registry-modules/tree/main/avm/res/web/site/slot/extension,br/public:avm/res/web/site/slot/extension:X.Y.Z,46d3xbcp.res.web-site-slotextension,tsc-buddy,Buddy,pankajagrawal16,Pankaj Agrawal,,AVM Child Module for Web/Function App - Slot - Extension,Bulk-added child module,2026-05
Microsoft.Web,sites/slots/hostNameBindings,Web/Function Apps Slot Host Name Bindings,,avm/res/web/site/slot/host-name-binding,avm/res/web/site,Proposed,https://github.com/Azure/bicep-registry-modules/tree/main/avm/res/web/site/slot/host-name-binding,br/public:avm/res/web/site/slot/host-name-binding:X.Y.Z,,tsc-buddy,Buddy,pankajagrawal16,Pankaj Agrawal,,This module deploys a Site Slot Host Name Binding.,,
Microsoft.Web,sites/slots/hybridConnectionNamespaces/relays,Web/Function App - Slot - Hybrid Connection Namespace - Relay,,avm/res/web/site/slot/hybrid-connection-namespace/relay,avm/res/web/site,Available,https://github.com/Azure/bicep-registry-modules/tree/main/avm/res/web/site/slot/hybrid-connection-namespace/relay,br/public:avm/res/web/site/slot/hybrid-connection-namespace/relay:X.Y.Z,46d3xbcp.res.web-site-slothybconnnamespacerelay,tsc-buddy,Buddy,pankajagrawal16,Pankaj Agrawal,,AVM Child Module for Web/Function App - Slot - Hybrid Connection Namespace - Relay,Bulk-added child module,2026-05
Microsoft.Web,staticSites,Static Web App,,avm/res/web/static-site,n/a,Available,https://github.com/Azure/bicep-registry-modules/tree/main/avm/res/web/static-site,br/public:avm/res/web/static-site:X.Y.Z,46d3xbcp.res.web-staticsite,maciejporebski,Maciej Porebski,,,,AVM Resource Module for Static Web App,,2024-01
Microsoft.Web,staticSites/config,Static Web App - Config,,avm/res/web/static-site/config,avm/res/web/static-site,Available,https://github.com/Azure/bicep-registry-modules/tree/main/avm/res/web/static-site/config,br/public:avm/res/web/static-site/config:X.Y.Z,46d3xbcp.res.web-staticsite-config,maciejporebski,Maciej Porebski,,,,AVM Child Module for Static Web App - Config,Bulk-added child module,2026-05
Microsoft.Web,staticSites/customDomains,Static Web App - Custom Domain,,avm/res/web/static-site/custom-domain,avm/res/web/static-site,Available,https://github.com/Azure/bicep-registry-modules/tree/main/avm/res/web/static-site/custom-domain,br/public:avm/res/web/static-site/custom-domain:X.Y.Z,46d3xbcp.res.web-staticsite-customdomain,maciejporebski,Maciej Porebski,,,,AVM Child Module for Static Web App - Custom Domain,Bulk-added child module,2026-05
Microsoft.Web,staticSites/linkedBackends,Static Web App - Linked Backend,,avm/res/web/static-site/linked-backend,avm/res/web/static-site,Available,https://github.com/Azure/bicep-registry-modules/tree/main/avm/res/web/static-site/linked-backend,br/public:avm/res/web/static-site/linked-backend:X.Y.Z,46d3xbcp.res.web-staticsite-linkedbackend,maciejporebski,Maciej Porebski,,,,AVM Child Module for Static Web App - Linked Backend,Bulk-added child module,2026-05
